time,temperature_2m_max,temperature_2m_min,precipitation_sum,precipitation_probability_max,windspeed_10m_max,windgusts_10m_max,weathercode,timezone,city,lat,lng,country,population,population_proper
2026-09-19,26.5,18.9,0.0,0,11.9,31.3,45,GMT+1,Casablanca,33.5992,-7.62,Morocco,3950000,3215935
2026-09-20,29.4,20.3,0.0,0,10.4,28.4,45,GMT+1,Casablanca,33.5992,-7.62,Morocco,3950000,3215935
2026-09-21,29.0,20.9,0.0,0,10.6,31.0,45,GMT+1,Casablanca,33.5992,-7.62,Morocco,3950000,3215935
2026-09-22,28.8,20.5,0.0,0,10.4,28.8,45,GMT+1,Casablanca,33.5992,-7.62,Morocco,3950000,3215935
2026-09-23,28.0,18.9,0.0,0,10.2,28.8,45,GMT+1,Casablanca,33.5992,-7.62,Morocco,3950000,3215935
2026-09-24,29.4,17.9,0.0,0,11.3,30.2,45,GMT+1,Casablanca,33.5992,-7.62,Morocco,3950000,3215935
2026-09-25,26.5,20.0,0.0,0,12.0,33.1,45,GMT+1,Casablanca,33.5992,-7.62,Morocco,3950000,3215935
2026-09-19,27.6,22.9,0.0,0,32.1,76.0,2,GMT+1,Tangier,35.7767,-5.8039,Morocco,1275428,1275428
2026-09-20,28.5,23.9,0.0,0,29.9,74.9,2,GMT+1,Tangier,35.7767,-5.8039,Morocco,1275428,1275428
2026-09-21,28.8,22.8,0.0,0,27.9,66.6,1,GMT+1,Tangier,35.7767,-5.8039,Morocco,1275428,1275428
2026-09-22,28.2,21.4,0.0,0,24.3,57.6,1,GMT+1,Tangier,35.7767,-5.8039,Morocco,1275428,1275428
2026-09-23,28.8,20.9,0.0,0,22.1,43.6,1,GMT+1,Tangier,35.7767,-5.8039,Morocco,1275428,1275428
2026-09-24,28.0,22.5,0.0,0,24.9,45.7,1,GMT+1,Tangier,35.7767,-5.8039,Morocco,1275428,1275428
2026-09-25,24.8,18.3,0.0,0,10.1,20.9,45,GMT+1,Tangier,35.7767,-5.8039,Morocco,1275428,1275428
2026-09-19,33.7,21.2,0.0,5,17.5,41.0,2,GMT+1,Fès,34.0433,-5.0033,Morocco,1167842,1167842
2026-09-20,35.2,21.9,0.0,0,14.5,36.7,2,GMT+1,Fès,34.0433,-5.0033,Morocco,1167842,1167842
2026-09-21,34.2,21.9,0.0,0,12.7,32.0,1,GMT+1,Fès,34.0433,-5.0033,Morocco,1167842,1167842
2026-09-22,33.2,20.5,0.0,0,12.0,27.4,0,GMT+1,Fès,34.0433,-5.0033,Morocco,1167842,1167842
2026-09-23,34.8,18.9,0.0,0,8.4,25.2,0,GMT+1,Fès,34.0433,-5.0033,Morocco,1167842,1167842
2026-09-24,36.0,20.3,0.0,0,13.7,33.5,2,GMT+1,Fès,34.0433,-5.0033,Morocco,1167842,1167842
2026-09-25,33.5,20.0,0.0,0,16.3,40.3,3,GMT+1,Fès,34.0433,-5.0033,Morocco,1167842,1167842
2026-09-19,36.8,20.3,0.1,23,9.6,28.8,3,GMT+1,Marrakech,31.6295,-7.9811,Morocco,1085330,1002697
2026-09-20,37.2,22.4,0.2,48,12.5,32.8,3,GMT+1,Marrakech,31.6295,-7.9811,Morocco,1085330,1002697
2026-09-21,37.4,22.7,0.0,3,14.7,41.8,3,GMT+1,Marrakech,31.6295,-7.9811,Morocco,1085330,1002697
2026-09-22,36.9,20.5,0.0,1,13.3,32.4,2,GMT+1,Marrakech,31.6295,-7.9811,Morocco,1085330,1002697
2026-09-23,36.7,19.0,0.0,0,12.6,24.1,0,GMT+1,Marrakech,31.6295,-7.9811,Morocco,1085330,1002697
2026-09-24,37.1,20.7,0.0,0,16.6,28.4,1,GMT+1,Marrakech,31.6295,-7.9811,Morocco,1085330,1002697
2026-09-25,34.5,21.7,0.0,3,17.9,30.6,3,GMT+1,Marrakech,31.6295,-7.9811,Morocco,1085330,1002697
2026-09-19,28.6,17.0,0.0,0,12.1,31.0,2,GMT+1,Sale,34.05,-6.8167,Morocco,945101,945101
2026-09-20,30.9,20.0,0.0,0,11.9,29.9,0,GMT+1,Sale,34.05,-6.8167,Morocco,945101,945101
2026-09-21,30.4,20.7,0.0,0,11.5,30.2,1,GMT+1,Sale,34.05,-6.8167,Morocco,945101,945101
2026-09-22,29.9,20.2,0.0,0,10.8,29.2,0,GMT+1,Sale,34.05,-6.8167,Morocco,945101,945101
2026-09-23,28.6,18.2,0.0,0,11.4,32.0,0,GMT+1,Sale,34.05,-6.8167,Morocco,945101,945101
2026-09-24,27.4,18.7,0.0,0,10.7,25.6,45,GMT+1,Sale,34.05,-6.8167,Morocco,945101,945101
2026-09-25,25.7,20.3,0.0,0,11.5,27.7,45,GMT+1,Sale,34.05,-6.8167,Morocco,945101,945101
2026-09-19,33.9,18.9,0.0,0,12.0,29.9,2,GMT+1,Meknès,33.8833,-5.55,Morocco,601000,601000
2026-09-20,35.3,20.6,0.0,0,11.7,34.2,1,GMT+1,Meknès,33.8833,-5.55,Morocco,601000,601000
2026-09-21,34.7,20.2,0.0,0,12.9,34.6,0,GMT+1,Meknès,33.8833,-5.55,Morocco,601000,601000
2026-09-22,33.4,19.6,0.0,0,12.3,35.3,0,GMT+1,Meknès,33.8833,-5.55,Morocco,601000,601000
2026-09-23,34.0,17.2,0.0,0,13.1,32.4,0,GMT+1,Meknès,33.8833,-5.55,Morocco,601000,601000
2026-09-24,34.9,19.0,0.0,0,15.1,35.3,2,GMT+1,Meknès,33.8833,-5.55,Morocco,601000,601000
2026-09-25,32.1,18.8,0.0,3,17.3,39.2,3,GMT+1,Meknès,33.8833,-5.55,Morocco,601000,601000
2026-09-19,28.7,17.1,0.0,0,12.1,31.0,2,GMT+1,Rabat,34.0211,-6.8414,Morocco,572717,572717
2026-09-20,31.0,20.0,0.0,0,11.9,29.9,0,GMT+1,Rabat,34.0211,-6.8414,Morocco,572717,572717
2026-09-21,30.4,20.8,0.0,0,11.5,30.2,1,GMT+1,Rabat,34.0211,-6.8414,Morocco,572717,572717
2026-09-22,29.9,20.3,0.0,0,10.8,29.2,0,GMT+1,Rabat,34.0211,-6.8414,Morocco,572717,572717
2026-09-23,28.6,18.2,0.0,0,11.4,32.0,0,GMT+1,Rabat,34.0211,-6.8414,Morocco,572717,572717
2026-09-24,27.5,18.8,0.0,0,10.7,25.6,45,GMT+1,Rabat,34.0211,-6.8414,Morocco,572717,572717
2026-09-25,25.7,20.4,0.0,0,11.5,27.7,45,GMT+1,Rabat,34.0211,-6.8414,Morocco,572717,572717
2026-09-19,26.5,21.2,0.0,0,12.6,38.9,2,GMT+1,Agadir,30.4214,-9.5831,Morocco,538000,538000
2026-09-20,27.8,20.6,0.0,0,12.2,35.3,45,GMT+1,Agadir,30.4214,-9.5831,Morocco,538000,538000
2026-09-21,34.8,22.3,0.0,0,9.5,27.0,3,GMT+1,Agadir,30.4214,-9.5831,Morocco,538000,538000
2026-09-22,33.3,23.2,0.0,0,11.9,38.5,2,GMT+1,Agadir,30.4214,-9.5831,Morocco,538000,538000
2026-09-23,32.9,22.3,0.0,0,10.5,36.7,2,GMT+1,Agadir,30.4214,-9.5831,Morocco,538000,538000
2026-09-24,38.9,22.6,0.0,0,14.2,30.6,3,GMT+1,Agadir,30.4214,-9.5831,Morocco,538000,538000
2026-09-25,31.0,20.8,0.0,0,14.0,28.1,45,GMT+1,Agadir,30.4214,-9.5831,Morocco,538000,538000
2026-09-19,33.8,17.6,0.0,0,16.0,37.4,1,GMT+1,Kenitra,34.25,-6.5833,Morocco,507736,507736
2026-09-20,36.0,20.0,0.0,0,13.2,36.4,0,GMT+1,Kenitra,34.25,-6.5833,Morocco,507736,507736
2026-09-21,34.3,20.6,0.0,0,14.0,34.2,1,GMT+1,Kenitra,34.25,-6.5833,Morocco,507736,507736
2026-09-22,33.1,20.5,0.0,0,12.5,31.0,0,GMT+1,Kenitra,34.25,-6.5833,Morocco,507736,507736
2026-09-23,31.3,17.9,0.0,0,12.0,30.6,0,GMT+1,Kenitra,34.25,-6.5833,Morocco,507736,507736
2026-09-24,28.1,17.9,0.0,0,10.9,26.3,45,GMT+1,Kenitra,34.25,-6.5833,Morocco,507736,507736
2026-09-25,25.9,20.1,0.0,0,10.7,26.3,45,GMT+1,Kenitra,34.25,-6.5833,Morocco,507736,507736
2026-09-19,29.1,19.2,0.6,58,15.2,31.7,80,GMT+1,Oujda-Angad,34.6867,-1.9114,Morocco,506224,506224
2026-09-20,29.4,19.3,0.5,18,19.1,35.3,80,GMT+1,Oujda-Angad,34.6867,-1.9114,Morocco,506224,506224
2026-09-21,26.5,18.1,0.0,3,18.2,41.0,45,GMT+1,Oujda-Angad,34.6867,-1.9114,Morocco,506224,506224
2026-09-22,28.2,14.8,0.0,0,15.3,35.6,45,GMT+1,Oujda-Angad,34.6867,-1.9114,Morocco,506224,506224
2026-09-23,30.1,15.3,0.0,0,18.4,39.2,2,GMT+1,Oujda-Angad,34.6867,-1.9114,Morocco,506224,506224
2026-09-24,34.6,18.2,0.0,0,11.9,34.2,1,GMT+1,Oujda-Angad,34.6867,-1.9114,Morocco,506224,506224
2026-09-25,34.3,21.3,0.0,0,22.8,41.0,3,GMT+1,Oujda-Angad,34.6867,-1.9114,Morocco,506224,506224
2026-09-19,25.9,22.6,0.0,0,31.4,72.7,3,GMT+1,Tétouan,35.5667,-5.3667,Morocco,422757,422757
2026-09-20,26.1,23.3,0.0,0,27.6,63.7,3,GMT+1,Tétouan,35.5667,-5.3667,Morocco,422757,422757
2026-09-21,27.3,22.6,0.0,0,27.2,64.1,2,GMT+1,Tétouan,35.5667,-5.3667,Morocco,422757,422757
2026-09-22,26.7,21.2,0.0,0,17.7,46.4,2,GMT+1,Tétouan,35.5667,-5.3667,Morocco,422757,422757
2026-09-23,26.5,20.3,0.0,0,17.1,38.5,2,GMT+1,Tétouan,35.5667,-5.3667,Morocco,422757,422757
2026-09-24,27.2,21.0,0.0,0,16.5,40.0,45,GMT+1,Tétouan,35.5667,-5.3667,Morocco,422757,422757
2026-09-25,30.1,19.6,0.0,0,9.4,19.8,45,GMT+1,Tétouan,35.5667,-5.3667,Morocco,422757,422757
2026-09-19,27.4,19.0,0.0,0,18.9,34.9,2,GMT+1,Safi,32.2833,-9.2333,Morocco,367249,367249
2026-09-20,24.5,19.8,0.0,0,9.4,18.0,2,GMT+1,Safi,32.2833,-9.2333,Morocco,367249,367249
2026-09-21,26.8,19.1,0.0,0,8.6,16.9,45,GMT+1,Safi,32.2833,-9.2333,Morocco,367249,367249
2026-09-22,26.3,18.4,0.0,0,12.0,25.9,45,GMT+1,Safi,32.2833,-9.2333,Morocco,367249,367249
2026-09-23,24.6,18.5,0.0,0,9.3,27.7,45,GMT+1,Safi,32.2833,-9.2333,Morocco,367249,367249
2026-09-24,26.9,19.0,0.0,0,12.7,25.6,45,GMT+1,Safi,32.2833,-9.2333,Morocco,367249,367249
2026-09-25,26.7,19.8,0.0,0,14.5,29.9,3,GMT+1,Safi,32.2833,-9.2333,Morocco,367249,367249
2026-09-19,30.8,20.0,0.5,25,31.0,52.2,80,GMT+1,Taourirt,34.41,-2.89,Morocco,321876,321876
2026-09-20,31.1,21.2,0.0,0,30.9,51.8,45,GMT+1,Taourirt,34.41,-2.89,Morocco,321876,321876
2026-09-21,28.7,20.3,0.0,0,27.1,44.3,3,GMT+1,Taourirt,34.41,-2.89,Morocco,321876,321876
2026-09-22,29.8,17.1,0.0,0,23.8,43.9,2,GMT+1,Taourirt,34.41,-2.89,Morocco,321876,321876
2026-09-23,31.7,17.9,0.0,0,24.1,40.7,0,GMT+1,Taourirt,34.41,-2.89,Morocco,321876,321876
2026-09-24,34.1,18.5,0.0,0,16.3,36.4,0,GMT+1,Taourirt,34.41,-2.89,Morocco,321876,321876
2026-09-25,35.2,20.4,0.0,0,16.3,41.0,3,GMT+1,Taourirt,34.41,-2.89,Morocco,321876,321876
2026-09-19,28.7,16.7,0.0,0,11.8,31.0,2,GMT+1,Temara,33.9234,-6.9076,Morocco,297098,297098
2026-09-20,30.7,19.6,0.0,0,11.1,29.2,1,GMT+1,Temara,33.9234,-6.9076,Morocco,297098,297098
2026-09-21,30.5,20.5,0.0,0,11.1,30.2,1,GMT+1,Temara,33.9234,-6.9076,Morocco,297098,297098
2026-09-22,29.9,20.3,0.0,0,10.7,30.2,0,GMT+1,Temara,33.9234,-6.9076,Morocco,297098,297098
2026-09-23,28.5,18.1,0.0,0,11.0,30.6,0,GMT+1,Temara,33.9234,-6.9076,Morocco,297098,297098
2026-09-24,25.1,18.6,0.0,0,10.7,22.7,45,GMT+1,Temara,33.9234,-6.9076,Morocco,297098,297098
2026-09-25,24.1,19.9,0.0,0,12.0,25.6,45,GMT+1,Temara,33.9234,-6.9076,Morocco,297098,297098
2026-09-19,28.8,18.1,0.0,0,22.5,45.4,3,GMT+1,Laâyoune,27.15,-13.2,Morocco,262791,262791
2026-09-20,33.3,18.5,0.0,0,21.6,42.8,3,GMT+1,Laâyoune,27.15,-13.2,Morocco,262791,262791
2026-09-21,37.5,20.6,0.0,1,23.2,45.4,0,GMT+1,Laâyoune,27.15,-13.2,Morocco,262791,262791
2026-09-22,36.2,20.7,0.0,2,24.9,47.5,1,GMT+1,Laâyoune,27.15,-13.2,Morocco,262791,262791
2026-09-23,42.3,21.6,0.0,1,26.8,52.6,0,GMT+1,Laâyoune,27.15,-13.2,Morocco,262791,262791
2026-09-24,41.5,25.7,0.0,0,25.0,56.9,1,GMT+1,Laâyoune,27.15,-13.2,Morocco,262791,262791
2026-09-25,37.9,22.7,0.0,0,23.0,49.3,1,GMT+1,Laâyoune,27.15,-13.2,Morocco,262791,262791
2026-09-19,25.5,20.0,0.0,0,16.0,28.8,2,GMT+1,El Jadid,33.2566,-8.5025,Morocco,237464,237464
2026-09-20,27.5,20.3,0.0,0,13.2,21.6,45,GMT+1,El Jadid,33.2566,-8.5025,Morocco,237464,237464
2026-09-21,26.8,20.9,0.0,0,13.0,24.1,45,GMT+1,El Jadid,33.2566,-8.5025,Morocco,237464,237464
2026-09-22,25.3,20.4,0.0,0,12.3,22.7,45,GMT+1,El Jadid,33.2566,-8.5025,Morocco,237464,237464
2026-09-23,26.2,20.8,0.0,0,12.5,24.8,45,GMT+1,El Jadid,33.2566,-8.5025,Morocco,237464,237464
2026-09-24,27.1,19.4,0.0,0,12.4,25.2,45,GMT+1,El Jadid,33.2566,-8.5025,Morocco,237464,237464
2026-09-25,25.3,20.1,0.0,0,11.5,24.8,3,GMT+1,El Jadid,33.2566,-8.5025,Morocco,237464,237464
2026-09-19,25.8,20.0,0.0,0,20.5,40.3,2,GMT+1,Ait Melloul,30.3342,-9.4972,Morocco,210870,210870
2026-09-20,26.5,20.2,0.0,0,18.4,36.7,2,GMT+1,Ait Melloul,30.3342,-9.4972,Morocco,210870,210870
2026-09-21,35.3,21.3,0.0,0,14.9,29.5,3,GMT+1,Ait Melloul,30.3342,-9.4972,Morocco,210870,210870
2026-09-22,35.4,21.5,0.0,0,19.6,36.4,2,GMT+1,Ait Melloul,30.3342,-9.4972,Morocco,210870,210870
2026-09-23,32.6,20.4,0.0,0,15.1,35.6,0,GMT+1,Ait Melloul,30.3342,-9.4972,Morocco,210870,210870
2026-09-24,39.1,22.8,0.0,0,14.2,30.6,3,GMT+1,Ait Melloul,30.3342,-9.4972,Morocco,210870,210870
2026-09-25,31.2,21.1,0.0,0,14.0,28.1,45,GMT+1,Ait Melloul,30.3342,-9.4972,Morocco,210870,210870
2026-09-19,34.8,22.9,0.0,5,17.5,36.7,2,GMT+1,Béni Mellal,32.3394,-6.3608,Morocco,209594,209594
2026-09-20,36.1,24.4,0.0,8,20.2,47.5,3,GMT+1,Béni Mellal,32.3394,-6.3608,Morocco,209594,209594
2026-09-21,34.6,24.0,0.0,0,15.0,37.8,3,GMT+1,Béni Mellal,32.3394,-6.3608,Morocco,209594,209594
2026-09-22,34.4,23.7,0.0,0,17.0,33.1,1,GMT+1,Béni Mellal,32.3394,-6.3608,Morocco,209594,209594
2026-09-23,34.9,22.4,0.0,0,15.4,34.6,0,GMT+1,Béni Mellal,32.3394,-6.3608,Morocco,209594,209594
2026-09-24,36.0,26.2,0.0,3,17.4,32.8,1,GMT+1,Béni Mellal,32.3394,-6.3608,Morocco,209594,209594
2026-09-25,33.7,24.1,0.0,7,10.8,25.2,3,GMT+1,Béni Mellal,32.3394,-6.3608,Morocco,209594,209594
2026-09-19,29.8,18.2,0.0,0,14.3,35.3,45,GMT+1,Bouskoura,33.4489,-7.6486,Morocco,200359,200359
2026-09-20,33.5,19.8,0.0,0,14.9,35.6,45,GMT+1,Bouskoura,33.4489,-7.6486,Morocco,200359,200359
2026-09-21,33.4,19.7,0.0,0,13.5,35.6,45,GMT+1,Bouskoura,33.4489,-7.6486,Morocco,200359,200359
2026-09-22,33.1,19.4,0.0,0,14.6,34.2,45,GMT+1,Bouskoura,33.4489,-7.6486,Morocco,200359,200359
2026-09-23,32.4,17.6,0.0,0,13.1,32.4,45,GMT+1,Bouskoura,33.4489,-7.6486,Morocco,200359,200359
2026-09-24,28.6,17.1,0.0,0,11.3,30.2,45,GMT+1,Bouskoura,33.4489,-7.6486,Morocco,200359,200359
2026-09-25,25.7,19.2,0.0,0,12.0,33.1,45,GMT+1,Bouskoura,33.4489,-7.6486,Morocco,200359,200359
2026-09-19,27.3,19.1,0.0,0,17.0,27.0,2,GMT+1,Tiznit,29.7,-9.7269,Morocco,196348,196348
2026-09-20,29.8,19.4,0.0,0,11.5,20.2,45,GMT+1,Tiznit,29.7,-9.7269,Morocco,196348,196348
2026-09-21,36.0,21.9,0.0,0,16.0,26.6,3,GMT+1,Tiznit,29.7,-9.7269,Morocco,196348,196348
2026-09-22,36.2,24.6,0.0,0,17.6,30.6,3,GMT+1,Tiznit,29.7,-9.7269,Morocco,196348,196348
2026-09-23,34.8,21.7,0.0,0,18.2,31.3,0,GMT+1,Tiznit,29.7,-9.7269,Morocco,196348,196348
2026-09-24,32.7,21.3,0.0,0,15.8,26.3,3,GMT+1,Tiznit,29.7,-9.7269,Morocco,196348,196348
2026-09-25,25.1,19.5,0.0,0,15.2,25.2,3,GMT+1,Tiznit,29.7,-9.7269,Morocco,196348,196348
2026-09-19,26.3,17.2,0.0,0,13.0,31.0,3,GMT+1,Mohammedia,33.6833,-7.3833,Morocco,194358,194358
2026-09-20,28.4,19.2,0.0,0,11.8,27.7,1,GMT+1,Mohammedia,33.6833,-7.3833,Morocco,194358,194358
2026-09-21,27.3,20.2,0.0,0,11.6,31.0,45,GMT+1,Mohammedia,33.6833,-7.3833,Morocco,194358,194358
2026-09-22,27.9,20.0,0.0,0,12.0,28.8,45,GMT+1,Mohammedia,33.6833,-7.3833,Morocco,194358,194358
2026-09-23,26.8,18.3,0.0,0,12.1,28.1,45,GMT+1,Mohammedia,33.6833,-7.3833,Morocco,194358,194358
2026-09-24,31.3,17.2,0.0,0,14.7,28.1,45,GMT+1,Mohammedia,33.6833,-7.3833,Morocco,194358,194358
2026-09-25,27.6,19.8,0.0,0,15.6,30.6,45,GMT+1,Mohammedia,33.6833,-7.3833,Morocco,194358,194358
2026-09-19,34.0,18.7,0.0,0,18.9,40.0,2,GMT+1,Kouribga,32.88,-6.9,Morocco,191807,191807
2026-09-20,34.3,21.4,0.2,8,19.8,43.2,3,GMT+1,Kouribga,32.88,-6.9,Morocco,191807,191807
2026-09-21,34.0,21.2,0.0,0,21.9,47.2,3,GMT+1,Kouribga,32.88,-6.9,Morocco,191807,191807
2026-09-22,33.9,21.0,0.0,0,14.8,33.5,1,GMT+1,Kouribga,32.88,-6.9,Morocco,191807,191807
2026-09-23,34.1,19.1,0.0,0,18.4,28.4,0,GMT+1,Kouribga,32.88,-6.9,Morocco,191807,191807
2026-09-24,33.6,18.0,0.0,3,17.3,33.8,3,GMT+1,Kouribga,32.88,-6.9,Morocco,191807,191807
2026-09-25,30.9,17.6,0.0,3,16.2,33.8,3,GMT+1,Kouribga,32.88,-6.9,Morocco,191807,191807
2026-09-19,34.0,17.2,0.0,0,16.2,35.3,2,GMT+1,Settat,33.0023,-7.6198,Morocco,171556,171556
2026-09-20,36.2,20.7,0.0,0,17.4,38.2,2,GMT+1,Settat,33.0023,-7.6198,Morocco,171556,171556
2026-09-21,36.3,21.3,0.0,0,17.0,43.9,2,GMT+1,Settat,33.0023,-7.6198,Morocco,171556,171556
2026-09-22,36.2,19.2,0.0,0,15.2,35.3,1,GMT+1,Settat,33.0023,-7.6198,Morocco,171556,171556
2026-09-23,36.2,18.2,0.0,0,14.8,34.6,0,GMT+1,Settat,33.0023,-7.6198,Morocco,171556,171556
2026-09-24,36.4,17.6,0.0,0,14.8,34.6,3,GMT+1,Settat,33.0023,-7.6198,Morocco,171556,171556
2026-09-25,29.8,17.3,0.0,3,15.5,30.6,3,GMT+1,Settat,33.0023,-7.6198,Morocco,171556,171556
2026-09-19,33.3,16.7,0.0,0,16.6,30.2,2,GMT+1,Barrechid,33.27,-7.5872,Morocco,168687,168687
2026-09-20,36.1,18.7,0.0,0,19.5,36.0,1,GMT+1,Barrechid,33.27,-7.5872,Morocco,168687,168687
2026-09-21,36.3,19.5,0.0,0,18.2,36.7,45,GMT+1,Barrechid,33.27,-7.5872,Morocco,168687,168687
2026-09-22,35.8,18.5,0.0,0,18.4,32.8,1,GMT+1,Barrechid,33.27,-7.5872,Morocco,168687,168687
2026-09-23,35.0,17.4,0.0,0,17.2,30.6,45,GMT+1,Barrechid,33.27,-7.5872,Morocco,168687,168687
2026-09-24,34.3,16.5,0.0,0,19.1,34.9,45,GMT+1,Barrechid,33.27,-7.5872,Morocco,168687,168687
2026-09-25,29.0,19.2,0.0,3,16.1,31.3,45,GMT+1,Barrechid,33.27,-7.5872,Morocco,168687,168687
2026-09-19,21.5,20.3,0.0,0,30.9,38.5,1,GMT+1,Ad Dakhla,23.7167,-15.95,Morocco,165463,165463
2026-09-20,21.7,19.5,0.0,0,27.9,34.9,0,GMT+1,Ad Dakhla,23.7167,-15.95,Morocco,165463,165463
2026-09-21,21.7,20.5,0.0,8,28.4,35.3,0,GMT+1,Ad Dakhla,23.7167,-15.95,Morocco,165463,165463
2026-09-22,21.9,20.2,0.0,7,31.3,39.6,0,GMT+1,Ad Dakhla,23.7167,-15.95,Morocco,165463,165463
2026-09-23,22.2,20.2,0.0,4,30.2,38.2,1,GMT+1,Ad Dakhla,23.7167,-15.95,Morocco,165463,165463
2026-09-24,23.1,20.5,0.0,4,25.3,33.5,3,GMT+1,Ad Dakhla,23.7167,-15.95,Morocco,165463,165463
2026-09-25,24.4,22.8,0.0,4,26.6,41.0,3,GMT+1,Ad Dakhla,23.7167,-15.95,Morocco,165463,165463
2026-09-19,25.6,22.7,4.3,3,22.1,50.0,80,GMT+1,Nador,35.1667,-2.9333,Morocco,161726,161726
2026-09-20,26.1,23.2,4.4,15,22.6,45.0,80,GMT+1,Nador,35.1667,-2.9333,Morocco,161726,161726
2026-09-21,26.2,22.9,0.0,0,16.8,37.1,2,GMT+1,Nador,35.1667,-2.9333,Morocco,161726,161726
2026-09-22,25.7,20.5,0.0,0,13.0,30.6,2,GMT+1,Nador,35.1667,-2.9333,Morocco,161726,161726
2026-09-23,25.8,21.5,0.0,0,13.1,28.4,2,GMT+1,Nador,35.1667,-2.9333,Morocco,161726,161726
2026-09-24,28.1,18.7,0.0,0,17.8,32.0,45,GMT+1,Nador,35.1667,-2.9333,Morocco,161726,161726
2026-09-25,28.7,18.5,0.0,0,14.8,27.7,3,GMT+1,Nador,35.1667,-2.9333,Morocco,161726,161726
2026-09-19,28.9,19.3,0.0,0,25.1,50.0,3,GMT+1,Taza,34.2144,-4.0088,Morocco,148406,148406
2026-09-20,30.1,20.6,0.0,0,20.4,41.0,3,GMT+1,Taza,34.2144,-4.0088,Morocco,148406,148406
2026-09-21,28.5,20.3,0.0,0,20.7,43.2,3,GMT+1,Taza,34.2144,-4.0088,Morocco,148406,148406
2026-09-22,29.3,16.8,0.0,0,18.5,36.0,1,GMT+1,Taza,34.2144,-4.0088,Morocco,148406,148406
2026-09-23,31.5,18.1,0.0,0,15.5,27.0,0,GMT+1,Taza,34.2144,-4.0088,Morocco,148406,148406
2026-09-24,33.9,17.8,0.0,0,9.5,18.7,0,GMT+1,Taza,34.2144,-4.0088,Morocco,148406,148406
2026-09-25,33.6,19.2,0.0,0,21.7,40.0,3,GMT+1,Taza,34.2144,-4.0088,Morocco,148406,148406
2026-09-19,24.5,19.9,0.0,0,14.4,42.5,45,GMT+1,Inezgane,30.3658,-9.5381,Morocco,137512,137512
2026-09-20,25.6,19.5,0.0,0,13.8,36.4,45,GMT+1,Inezgane,30.3658,-9.5381,Morocco,137512,137512
2026-09-21,31.9,20.8,0.0,0,10.0,27.0,3,GMT+1,Inezgane,30.3658,-9.5381,Morocco,137512,137512
2026-09-22,31.0,20.6,0.0,0,14.0,39.6,2,GMT+1,Inezgane,30.3658,-9.5381,Morocco,137512,137512
2026-09-23,30.1,20.2,0.0,0,10.7,34.6,0,GMT+1,Inezgane,30.3658,-9.5381,Morocco,137512,137512
2026-09-24,39.2,22.9,0.0,0,14.2,30.6,3,GMT+1,Inezgane,30.3658,-9.5381,Morocco,137512,137512
2026-09-25,31.3,21.1,0.0,0,14.0,28.1,45,GMT+1,Inezgane,30.3658,-9.5381,Morocco,137512,137512
2026-09-19,34.5,18.2,0.0,0,20.9,35.3,1,GMT+1,Larache,35.1833,-6.15,Morocco,133731,133731
2026-09-20,33.7,24.9,0.0,0,15.4,28.4,0,GMT+1,Larache,35.1833,-6.15,Morocco,133731,133731
2026-09-21,32.5,22.5,0.0,0,14.8,29.2,2,GMT+1,Larache,35.1833,-6.15,Morocco,133731,133731
2026-09-22,31.6,18.4,0.0,0,15.5,28.8,0,GMT+1,Larache,35.1833,-6.15,Morocco,133731,133731
2026-09-23,31.8,17.9,0.0,0,17.2,29.2,0,GMT+1,Larache,35.1833,-6.15,Morocco,133731,133731
2026-09-24,30.1,17.9,0.0,0,12.3,23.0,45,GMT+1,Larache,35.1833,-6.15,Morocco,133731,133731
2026-09-25,26.6,18.5,0.0,0,12.6,23.4,45,GMT+1,Larache,35.1833,-6.15,Morocco,133731,133731
2026-09-19,34.7,18.2,0.0,0,12.5,25.9,2,GMT+1,Al Khmissat,33.81,-6.06,Morocco,131542,131542
2026-09-20,36.5,20.9,0.0,0,14.7,27.4,2,GMT+1,Al Khmissat,33.81,-6.06,Morocco,131542,131542
2026-09-21,35.7,20.3,0.0,0,14.8,31.3,1,GMT+1,Al Khmissat,33.81,-6.06,Morocco,131542,131542
2026-09-22,34.6,19.8,0.0,0,14.1,33.1,0,GMT+1,Al Khmissat,33.81,-6.06,Morocco,131542,131542
2026-09-23,35.0,18.0,0.0,0,14.6,24.8,0,GMT+1,Al Khmissat,33.81,-6.06,Morocco,131542,131542
2026-09-24,35.1,16.5,0.0,0,17.0,32.4,1,GMT+1,Al Khmissat,33.81,-6.06,Morocco,131542,131542
2026-09-25,30.2,17.8,0.0,3,17.4,33.5,3,GMT+1,Al Khmissat,33.81,-6.06,Morocco,131542,131542
2026-09-19,29.4,18.0,0.0,0,22.9,40.0,3,GMT+1,Guelmim,28.9833,-10.0667,Morocco,126729,126729
2026-09-20,37.7,17.9,0.0,0,19.6,34.9,0,GMT+1,Guelmim,28.9833,-10.0667,Morocco,126729,126729
2026-09-21,39.9,23.2,0.0,0,21.1,35.6,1,GMT+1,Guelmim,28.9833,-10.0667,Morocco,126729,126729
2026-09-22,39.1,24.3,0.0,0,22.0,36.0,2,GMT+1,Guelmim,28.9833,-10.0667,Morocco,126729,126729
2026-09-23,39.2,24.4,0.0,2,21.8,40.7,2,GMT+1,Guelmim,28.9833,-10.0667,Morocco,126729,126729
2026-09-24,38.4,22.5,0.0,2,19.0,37.8,0,GMT+1,Guelmim,28.9833,-10.0667,Morocco,126729,126729
2026-09-25,34.3,19.7,0.0,4,15.6,33.8,0,GMT+1,Guelmim,28.9833,-10.0667,Morocco,126729,126729
2026-09-19,35.8,18.8,0.0,0,10.5,22.3,1,GMT+1,Ksar El Kebir,35.0,-5.9,Morocco,124701,124701
2026-09-20,36.8,22.9,0.0,0,15.5,30.2,1,GMT+1,Ksar El Kebir,35.0,-5.9,Morocco,124701,124701
2026-09-21,36.1,22.0,0.0,0,15.6,29.9,1,GMT+1,Ksar El Kebir,35.0,-5.9,Morocco,124701,124701
2026-09-22,35.0,19.7,0.0,0,12.7,27.4,0,GMT+1,Ksar El Kebir,35.0,-5.9,Morocco,124701,124701
2026-09-23,35.5,19.9,0.0,0,14.8,29.9,0,GMT+1,Ksar El Kebir,35.0,-5.9,Morocco,124701,124701
2026-09-24,34.4,19.2,0.0,0,16.2,31.3,1,GMT+1,Ksar El Kebir,35.0,-5.9,Morocco,124701,124701
2026-09-25,29.7,19.6,0.0,0,14.4,27.7,45,GMT+1,Ksar El Kebir,35.0,-5.9,Morocco,124701,124701
2026-09-19,33.7,19.9,0.0,5,19.6,31.7,3,GMT+1,Khénifra,32.93,-5.66,Morocco,123738,123738
2026-09-20,34.6,19.3,0.0,5,18.1,40.7,3,GMT+1,Khénifra,32.93,-5.66,Morocco,123738,123738
2026-09-21,34.5,18.8,0.0,0,21.4,38.2,3,GMT+1,Khénifra,32.93,-5.66,Morocco,123738,123738
2026-09-22,33.2,17.5,0.0,0,15.7,30.2,2,GMT+1,Khénifra,32.93,-5.66,Morocco,123738,123738
2026-09-23,33.4,17.3,0.0,0,11.9,22.7,1,GMT+1,Khénifra,32.93,-5.66,Morocco,123738,123738
2026-09-24,33.7,18.5,0.0,0,16.0,30.2,0,GMT+1,Khénifra,32.93,-5.66,Morocco,123738,123738
2026-09-25,32.9,18.7,0.0,8,17.3,32.8,3,GMT+1,Khénifra,32.93,-5.66,Morocco,123738,123738
2026-09-19,26.8,16.8,0.0,0,13.0,27.4,2,GMT+1,Skhirate,33.85,-7.03,Morocco,122705,122705
2026-09-20,27.7,19.2,0.0,0,12.0,26.3,0,GMT+1,Skhirate,33.85,-7.03,Morocco,122705,122705
2026-09-21,27.5,20.0,0.0,0,12.1,28.1,1,GMT+1,Skhirate,33.85,-7.03,Morocco,122705,122705
2026-09-22,27.5,19.9,0.0,0,11.5,27.7,1,GMT+1,Skhirate,33.85,-7.03,Morocco,122705,122705
2026-09-23,26.4,17.8,0.0,0,12.0,28.8,1,GMT+1,Skhirate,33.85,-7.03,Morocco,122705,122705
2026-09-24,25.2,18.7,0.0,0,10.7,22.7,45,GMT+1,Skhirate,33.85,-7.03,Morocco,122705,122705
2026-09-25,24.2,20.0,0.0,0,12.0,25.6,45,GMT+1,Skhirate,33.85,-7.03,Morocco,122705,122705
2026-09-19,28.5,15.9,0.0,0,16.9,31.3,2,GMT+1,Beni Yakhlef,33.6555,-7.3221,Morocco,117653,117653
2026-09-20,32.2,18.6,0.0,0,15.7,29.2,1,GMT+1,Beni Yakhlef,33.6555,-7.3221,Morocco,117653,117653
2026-09-21,31.5,19.8,0.0,0,17.0,32.4,1,GMT+1,Beni Yakhlef,33.6555,-7.3221,Morocco,117653,117653
2026-09-22,31.6,19.3,0.0,0,16.3,30.6,0,GMT+1,Beni Yakhlef,33.6555,-7.3221,Morocco,117653,117653
2026-09-23,30.7,17.1,0.0,0,16.8,28.8,1,GMT+1,Beni Yakhlef,33.6555,-7.3221,Morocco,117653,117653
2026-09-24,30.7,16.6,0.0,0,14.7,28.1,45,GMT+1,Beni Yakhlef,33.6555,-7.3221,Morocco,117653,117653
2026-09-25,27.0,19.3,0.0,0,15.6,30.6,45,GMT+1,Beni Yakhlef,33.6555,-7.3221,Morocco,117653,117653
2026-09-19,31.8,16.9,0.0,0,15.4,29.9,2,GMT+1,Sidi Yahya Zaer,33.7105,-6.8831,Morocco,116649,116649
2026-09-20,35.1,20.3,0.0,0,18.1,35.6,2,GMT+1,Sidi Yahya Zaer,33.7105,-6.8831,Morocco,116649,116649
2026-09-21,34.4,20.4,0.0,0,17.1,35.6,1,GMT+1,Sidi Yahya Zaer,33.7105,-6.8831,Morocco,116649,116649
2026-09-22,33.6,20.1,0.0,0,16.3,34.6,0,GMT+1,Sidi Yahya Zaer,33.7105,-6.8831,Morocco,116649,116649
2026-09-23,33.5,16.9,0.0,0,16.5,33.1,0,GMT+1,Sidi Yahya Zaer,33.7105,-6.8831,Morocco,116649,116649
2026-09-24,31.6,16.5,0.0,0,15.1,30.6,3,GMT+1,Sidi Yahya Zaer,33.7105,-6.8831,Morocco,116649,116649
2026-09-25,27.2,15.6,0.0,0,16.3,32.0,45,GMT+1,Sidi Yahya Zaer,33.7105,-6.8831,Morocco,116649,116649
2026-09-19,35.0,19.7,0.0,0,16.6,32.8,2,GMT+1,Ben Guerir,32.23,-7.95,Morocco,114872,114872
2026-09-20,35.6,23.5,0.0,8,19.7,38.5,2,GMT+1,Ben Guerir,32.23,-7.95,Morocco,114872,114872
2026-09-21,37.2,23.3,0.0,0,19.3,36.7,2,GMT+1,Ben Guerir,32.23,-7.95,Morocco,114872,114872
2026-09-22,36.4,21.6,0.0,0,16.4,36.0,3,GMT+1,Ben Guerir,32.23,-7.95,Morocco,114872,114872
2026-09-23,36.1,19.3,0.0,0,11.5,27.4,0,GMT+1,Ben Guerir,32.23,-7.95,Morocco,114872,114872
2026-09-24,36.5,21.6,0.0,0,20.1,35.6,3,GMT+1,Ben Guerir,32.23,-7.95,Morocco,114872,114872
2026-09-25,32.2,20.2,0.0,0,19.3,34.9,3,GMT+1,Ben Guerir,32.23,-7.95,Morocco,114872,114872
2026-09-19,26.4,19.7,0.0,0,20.4,33.8,2,GMT+1,Ait Ali,30.1739,-9.4881,Morocco,113236,113236
2026-09-20,27.0,19.9,0.0,0,18.9,31.3,2,GMT+1,Ait Ali,30.1739,-9.4881,Morocco,113236,113236
2026-09-21,37.0,21.8,0.0,0,19.3,31.0,3,GMT+1,Ait Ali,30.1739,-9.4881,Morocco,113236,113236
2026-09-22,37.6,21.8,0.0,0,22.5,38.5,3,GMT+1,Ait Ali,30.1739,-9.4881,Morocco,113236,113236
2026-09-23,33.8,20.8,0.0,0,20.3,38.9,0,GMT+1,Ait Ali,30.1739,-9.4881,Morocco,113236,113236
2026-09-24,36.6,23.5,0.0,0,20.0,35.6,3,GMT+1,Ait Ali,30.1739,-9.4881,Morocco,113236,113236
2026-09-25,26.8,21.1,0.0,0,18.2,31.7,3,GMT+1,Ait Ali,30.1739,-9.4881,Morocco,113236,113236
2026-09-19,26.0,20.1,0.0,0,17.7,37.8,45,GMT+1,My Drarga,30.3805,-9.4763,Morocco,107621,107621
2026-09-20,27.2,19.9,0.0,0,15.5,32.4,45,GMT+1,My Drarga,30.3805,-9.4763,Morocco,107621,107621
2026-09-21,35.0,21.9,0.0,0,12.4,24.8,3,GMT+1,My Drarga,30.3805,-9.4763,Morocco,107621,107621
2026-09-22,34.3,22.0,0.0,0,18.2,41.0,2,GMT+1,My Drarga,30.3805,-9.4763,Morocco,107621,107621
2026-09-23,33.5,21.2,0.0,0,13.8,34.6,0,GMT+1,My Drarga,30.3805,-9.4763,Morocco,107621,107621
2026-09-24,39.0,22.7,0.0,0,14.2,30.6,3,GMT+1,My Drarga,30.3805,-9.4763,Morocco,107621,107621
2026-09-25,31.1,21.0,0.0,0,14.0,28.1,45,GMT+1,My Drarga,30.3805,-9.4763,Morocco,107621,107621
2026-09-19,26.7,19.6,0.0,0,21.4,46.1,45,GMT+1,Lqoliaa,30.2942,-9.4544,Morocco,107133,107133
2026-09-20,27.4,19.8,0.0,0,19.5,42.5,45,GMT+1,Lqoliaa,30.2942,-9.4544,Morocco,107133,107133
2026-09-21,37.8,21.3,0.0,0,15.2,32.8,3,GMT+1,Lqoliaa,30.2942,-9.4544,Morocco,107133,107133
2026-09-22,37.7,21.2,0.0,0,21.3,43.6,2,GMT+1,Lqoliaa,30.2942,-9.4544,Morocco,107133,107133
2026-09-23,36.0,19.9,0.0,0,17.3,44.6,1,GMT+1,Lqoliaa,30.2942,-9.4544,Morocco,107133,107133
2026-09-24,37.0,21.9,0.0,0,17.2,38.9,3,GMT+1,Lqoliaa,30.2942,-9.4544,Morocco,107133,107133
2026-09-25,26.8,20.1,0.0,0,17.4,38.2,45,GMT+1,Lqoliaa,30.2942,-9.4544,Morocco,107133,107133
2026-09-19,36.0,20.6,0.0,5,17.4,29.5,2,GMT+1,El Kelaa des Srarhna,32.05,-7.4,Morocco,106418,106418
2026-09-20,37.4,23.3,0.2,13,19.0,27.4,3,GMT+1,El Kelaa des Srarhna,32.05,-7.4,Morocco,106418,106418
2026-09-21,37.4,22.2,0.0,0,13.9,25.2,2,GMT+1,El Kelaa des Srarhna,32.05,-7.4,Morocco,106418,106418
2026-09-22,36.8,21.5,0.0,0,13.9,29.9,1,GMT+1,El Kelaa des Srarhna,32.05,-7.4,Morocco,106418,106418
2026-09-23,36.7,20.6,0.0,0,13.3,22.7,0,GMT+1,El Kelaa des Srarhna,32.05,-7.4,Morocco,106418,106418
2026-09-24,36.7,18.9,0.0,3,14.7,26.6,3,GMT+1,El Kelaa des Srarhna,32.05,-7.4,Morocco,106418,106418
2026-09-25,33.5,20.6,0.0,3,15.3,25.2,3,GMT+1,El Kelaa des Srarhna,32.05,-7.4,Morocco,106418,106418
2026-09-19,26.9,20.0,0.0,0,18.1,28.4,2,GMT+1,Moulay Abdallah,33.1978,-8.5883,Morocco,103993,103993
2026-09-20,27.4,20.3,0.0,0,13.9,19.4,45,GMT+1,Moulay Abdallah,33.1978,-8.5883,Morocco,103993,103993
2026-09-21,28.6,20.8,0.0,0,14.1,22.3,45,GMT+1,Moulay Abdallah,33.1978,-8.5883,Morocco,103993,103993
2026-09-22,26.2,20.3,0.0,0,13.5,20.2,45,GMT+1,Moulay Abdallah,33.1978,-8.5883,Morocco,103993,103993
2026-09-23,26.8,20.8,0.0,0,13.5,23.4,45,GMT+1,Moulay Abdallah,33.1978,-8.5883,Morocco,103993,103993
2026-09-24,26.1,19.3,0.0,0,12.5,24.5,45,GMT+1,Moulay Abdallah,33.1978,-8.5883,Morocco,103993,103993
2026-09-25,25.3,19.6,0.0,0,11.5,23.4,45,GMT+1,Moulay Abdallah,33.1978,-8.5883,Morocco,103993,103993
2026-09-19,34.5,18.2,0.0,0,14.5,33.8,2,GMT+1,Tiflet,33.9,-6.33,Morocco,103850,103850
2026-09-20,36.7,21.4,0.0,0,17.2,31.7,2,GMT+1,Tiflet,33.9,-6.33,Morocco,103850,103850
2026-09-21,35.6,21.4,0.0,0,16.2,31.3,1,GMT+1,Tiflet,33.9,-6.33,Morocco,103850,103850
2026-09-22,34.5,20.0,0.0,0,14.6,31.7,0,GMT+1,Tiflet,33.9,-6.33,Morocco,103850,103850
2026-09-23,35.0,19.4,0.0,0,14.5,31.7,0,GMT+1,Tiflet,33.9,-6.33,Morocco,103850,103850
2026-09-24,34.6,19.2,0.0,0,16.1,33.8,2,GMT+1,Tiflet,33.9,-6.33,Morocco,103850,103850
2026-09-25,29.9,17.5,0.0,3,15.8,33.5,3,GMT+1,Tiflet,33.9,-6.33,Morocco,103850,103850
2026-09-19,29.3,19.1,0.0,0,25.8,47.9,2,GMT+1,Oulad Teïma,30.4,-9.21,Morocco,100284,100284
2026-09-20,30.9,19.2,0.0,0,23.2,41.8,45,GMT+1,Oulad Teïma,30.4,-9.21,Morocco,100284,100284
2026-09-21,40.3,21.6,0.0,0,20.5,36.7,3,GMT+1,Oulad Teïma,30.4,-9.21,Morocco,100284,100284
2026-09-22,38.4,20.7,0.0,0,28.9,58.3,2,GMT+1,Oulad Teïma,30.4,-9.21,Morocco,100284,100284
2026-09-23,39.2,19.4,0.0,0,24.0,49.7,0,GMT+1,Oulad Teïma,30.4,-9.21,Morocco,100284,100284
2026-09-24,39.0,22.5,0.0,0,26.4,43.6,3,GMT+1,Oulad Teïma,30.4,-9.21,Morocco,100284,100284
2026-09-25,29.4,19.8,0.0,0,28.3,48.6,45,GMT+1,Oulad Teïma,30.4,-9.21,Morocco,100284,100284
2026-09-19,26.9,20.2,0.0,13,19.7,40.0,45,GMT+1,Berkane,34.9167,-2.3167,Morocco,99069,99069
2026-09-20,27.4,20.9,0.0,3,18.4,38.5,45,GMT+1,Berkane,34.9167,-2.3167,Morocco,99069,99069
2026-09-21,26.7,19.4,0.0,13,21.2,42.1,45,GMT+1,Berkane,34.9167,-2.3167,Morocco,99069,99069
2026-09-22,26.8,16.4,0.0,0,15.3,38.5,2,GMT+1,Berkane,34.9167,-2.3167,Morocco,99069,99069
2026-09-23,27.1,17.6,0.0,0,14.7,32.0,1,GMT+1,Berkane,34.9167,-2.3167,Morocco,99069,99069
2026-09-24,30.1,18.4,0.0,0,14.0,27.0,1,GMT+1,Berkane,34.9167,-2.3167,Morocco,99069,99069
2026-09-25,30.6,20.6,0.0,0,12.0,24.1,3,GMT+1,Berkane,34.9167,-2.3167,Morocco,99069,99069
2026-09-19,32.2,15.8,0.0,0,15.8,29.2,2,GMT+1,Ain El Aouda,33.8111,-6.7922,Morocco,98502,98502
2026-09-20,35.0,18.9,0.0,0,17.1,31.7,2,GMT+1,Ain El Aouda,33.8111,-6.7922,Morocco,98502,98502
2026-09-21,34.1,19.6,0.0,0,15.9,30.2,1,GMT+1,Ain El Aouda,33.8111,-6.7922,Morocco,98502,98502
2026-09-22,33.4,19.4,0.0,0,14.0,31.0,0,GMT+1,Ain El Aouda,33.8111,-6.7922,Morocco,98502,98502
2026-09-23,33.2,16.3,0.0,0,15.6,29.5,0,GMT+1,Ain El Aouda,33.8111,-6.7922,Morocco,98502,98502
2026-09-24,32.5,16.9,0.0,0,15.6,30.2,3,GMT+1,Ain El Aouda,33.8111,-6.7922,Morocco,98502,98502
2026-09-25,28.7,16.5,0.0,3,15.3,30.2,45,GMT+1,Ain El Aouda,33.8111,-6.7922,Morocco,98502,98502
2026-09-19,29.2,19.2,6.4,65,17.6,33.1,81,GMT+1,Errachidia,31.9319,-4.4244,Morocco,97687,97687
2026-09-20,29.3,18.6,0.0,23,12.3,25.2,80,GMT+1,Errachidia,31.9319,-4.4244,Morocco,97687,97687
2026-09-21,32.1,19.3,0.1,14,19.8,25.9,2,GMT+1,Errachidia,31.9319,-4.4244,Morocco,97687,97687
2026-09-22,29.5,17.4,0.0,2,10.5,18.7,2,GMT+1,Errachidia,31.9319,-4.4244,Morocco,97687,97687
2026-09-23,29.9,17.4,0.0,3,14.3,22.3,1,GMT+1,Errachidia,31.9319,-4.4244,Morocco,97687,97687
2026-09-24,30.3,17.9,0.0,0,12.5,23.4,1,GMT+1,Errachidia,31.9319,-4.4244,Morocco,97687,97687
2026-09-25,30.1,18.3,0.3,18,21.1,35.3,3,GMT+1,Errachidia,31.9319,-4.4244,Morocco,97687,97687
2026-09-19,37.5,20.1,0.0,0,18.1,28.1,2,GMT+1,Al Fqih Ben Çalah,32.507,-6.6886,Morocco,97380,97380
2026-09-20,38.8,22.5,0.0,8,22.2,41.8,3,GMT+1,Al Fqih Ben Çalah,32.507,-6.6886,Morocco,97380,97380
2026-09-21,37.4,20.5,0.0,0,17.1,29.9,3,GMT+1,Al Fqih Ben Çalah,32.507,-6.6886,Morocco,97380,97380
2026-09-22,37.1,19.8,0.0,0,12.1,27.4,2,GMT+1,Al Fqih Ben Çalah,32.507,-6.6886,Morocco,97380,97380
2026-09-23,37.1,18.9,0.0,0,9.1,23.4,0,GMT+1,Al Fqih Ben Çalah,32.507,-6.6886,Morocco,97380,97380
2026-09-24,37.5,17.7,0.0,0,13.7,24.8,1,GMT+1,Al Fqih Ben Çalah,32.507,-6.6886,Morocco,97380,97380
2026-09-25,35.2,18.9,0.0,3,11.6,20.5,3,GMT+1,Al Fqih Ben Çalah,32.507,-6.6886,Morocco,97380,97380
2026-09-19,30.4,17.6,0.0,0,15.7,30.2,45,GMT+1,Ad Darwa,33.4167,-7.5333,Morocco,96619,96619
2026-09-20,34.7,19.1,0.0,0,16.0,31.0,1,GMT+1,Ad Darwa,33.4167,-7.5333,Morocco,96619,96619
2026-09-21,34.3,19.5,0.0,0,15.1,31.7,45,GMT+1,Ad Darwa,33.4167,-7.5333,Morocco,96619,96619
2026-09-22,33.7,19.2,0.0,0,16.7,30.2,1,GMT+1,Ad Darwa,33.4167,-7.5333,Morocco,96619,96619
2026-09-23,33.0,17.3,0.0,0,14.8,28.1,45,GMT+1,Ad Darwa,33.4167,-7.5333,Morocco,96619,96619
2026-09-24,34.1,16.1,0.0,0,17.3,34.2,45,GMT+1,Ad Darwa,33.4167,-7.5333,Morocco,96619,96619
2026-09-25,29.2,19.1,0.0,3,15.5,32.0,45,GMT+1,Ad Darwa,33.4167,-7.5333,Morocco,96619,96619
2026-09-19,24.4,22.0,3.9,40,26.8,60.5,80,GMT+1,Martil,35.61,-5.27,Morocco,95896,95896
2026-09-20,24.6,22.9,2.2,45,23.4,51.5,80,GMT+1,Martil,35.61,-5.27,Morocco,95896,95896
2026-09-21,25.6,21.7,0.0,8,21.7,51.8,2,GMT+1,Martil,35.61,-5.27,Morocco,95896,95896
2026-09-22,24.7,21.1,0.0,0,18.4,40.0,2,GMT+1,Martil,35.61,-5.27,Morocco,95896,95896
2026-09-23,24.8,20.5,0.0,0,17.3,33.5,2,GMT+1,Martil,35.61,-5.27,Morocco,95896,95896
2026-09-24,25.3,20.3,0.0,0,13.6,24.1,45,GMT+1,Martil,35.61,-5.27,Morocco,95896,95896
2026-09-25,29.4,20.0,0.0,0,8.3,14.4,45,GMT+1,Martil,35.61,-5.27,Morocco,95896,95896
2026-09-19,37.2,19.2,0.0,0,16.3,27.4,1,GMT+1,Sidi Slimane,34.26,-5.93,Morocco,95114,95114
2026-09-20,38.6,23.9,0.0,0,16.2,33.1,0,GMT+1,Sidi Slimane,34.26,-5.93,Morocco,95114,95114
2026-09-21,37.7,22.3,0.0,0,12.7,27.4,0,GMT+1,Sidi Slimane,34.26,-5.93,Morocco,95114,95114
2026-09-22,36.8,22.1,0.0,0,12.6,26.3,0,GMT+1,Sidi Slimane,34.26,-5.93,Morocco,95114,95114
2026-09-23,37.0,18.0,0.0,0,12.5,33.5,0,GMT+1,Sidi Slimane,34.26,-5.93,Morocco,95114,95114
2026-09-24,35.3,17.5,0.0,0,17.1,32.4,2,GMT+1,Sidi Slimane,34.26,-5.93,Morocco,95114,95114
2026-09-25,30.5,19.8,0.0,3,17.1,31.7,45,GMT+1,Sidi Slimane,34.26,-5.93,Morocco,95114,95114
2026-09-19,34.3,19.6,0.0,0,19.3,40.0,2,GMT+1,Oued Zem,32.8619,-6.5711,Morocco,93776,93776
2026-09-20,35.2,22.1,0.0,8,19.9,46.4,80,GMT+1,Oued Zem,32.8619,-6.5711,Morocco,93776,93776
2026-09-21,34.5,21.7,0.0,3,22.9,40.3,3,GMT+1,Oued Zem,32.8619,-6.5711,Morocco,93776,93776
2026-09-22,33.9,21.8,0.0,0,14.5,32.0,2,GMT+1,Oued Zem,32.8619,-6.5711,Morocco,93776,93776
2026-09-23,34.1,19.8,0.0,0,11.3,30.6,0,GMT+1,Oued Zem,32.8619,-6.5711,Morocco,93776,93776
2026-09-24,33.5,19.2,0.0,0,12.7,27.0,2,GMT+1,Oued Zem,32.8619,-6.5711,Morocco,93776,93776
2026-09-25,31.6,18.4,0.0,0,16.5,34.2,3,GMT+1,Oued Zem,32.8619,-6.5711,Morocco,93776,93776
2026-09-19,32.0,20.0,0.4,13,17.4,42.1,80,GMT+1,Sefrou,33.83,-4.83,Morocco,86903,86903
2026-09-20,31.8,20.5,0.0,0,17.4,37.8,1,GMT+1,Sefrou,33.83,-4.83,Morocco,86903,86903
2026-09-21,30.7,20.4,0.0,0,16.5,36.7,1,GMT+1,Sefrou,33.83,-4.83,Morocco,86903,86903
2026-09-22,29.6,18.8,0.0,0,16.3,38.5,0,GMT+1,Sefrou,33.83,-4.83,Morocco,86903,86903
2026-09-23,31.1,19.9,0.0,0,14.8,34.2,0,GMT+1,Sefrou,33.83,-4.83,Morocco,86903,86903
2026-09-24,33.1,18.1,0.0,0,15.8,31.7,2,GMT+1,Sefrou,33.83,-4.83,Morocco,86903,86903
2026-09-25,31.2,16.8,0.0,0,18.9,36.4,3,GMT+1,Sefrou,33.83,-4.83,Morocco,86903,86903
2026-09-19,32.1,20.9,0.0,0,22.9,45.7,2,GMT+1,Taroudannt,30.4711,-8.8778,Morocco,83496,83496
2026-09-20,33.6,19.8,0.0,0,21.1,41.4,2,GMT+1,Taroudannt,30.4711,-8.8778,Morocco,83496,83496
2026-09-21,39.9,23.3,0.0,0,25.0,52.9,3,GMT+1,Taroudannt,30.4711,-8.8778,Morocco,83496,83496
2026-09-22,38.9,22.2,0.0,0,29.7,64.4,2,GMT+1,Taroudannt,30.4711,-8.8778,Morocco,83496,83496
2026-09-23,39.9,21.1,0.0,0,25.0,52.2,0,GMT+1,Taroudannt,30.4711,-8.8778,Morocco,83496,83496
2026-09-24,40.5,21.8,0.0,0,26.4,49.3,3,GMT+1,Taroudannt,30.4711,-8.8778,Morocco,83496,83496
2026-09-25,34.1,20.3,0.0,3,28.7,50.8,3,GMT+1,Taroudannt,30.4711,-8.8778,Morocco,83496,83496
2026-09-19,24.5,18.5,0.0,0,21.3,38.9,2,GMT+1,Essaouira,31.513,-9.7687,Morocco,82962,82962
2026-09-20,24.4,18.9,0.0,0,13.4,25.6,2,GMT+1,Essaouira,31.513,-9.7687,Morocco,82962,82962
2026-09-21,25.4,19.1,0.0,0,8.6,19.4,3,GMT+1,Essaouira,31.513,-9.7687,Morocco,82962,82962
2026-09-22,23.5,17.9,0.0,0,10.7,24.1,45,GMT+1,Essaouira,31.513,-9.7687,Morocco,82962,82962
2026-09-23,23.4,17.5,0.0,0,10.0,28.4,45,GMT+1,Essaouira,31.513,-9.7687,Morocco,82962,82962
2026-09-24,28.6,20.1,0.0,0,10.0,20.2,3,GMT+1,Essaouira,31.513,-9.7687,Morocco,82962,82962
2026-09-25,26.6,19.7,0.0,0,15.3,30.6,3,GMT+1,Essaouira,31.513,-9.7687,Morocco,82962,82962
2026-09-19,28.2,19.0,0.4,38,15.3,38.2,3,GMT+1,Azrou,33.4344,-5.2213,Morocco,81350,81350
2026-09-20,29.0,18.0,0.0,3,20.6,45.4,3,GMT+1,Azrou,33.4344,-5.2213,Morocco,81350,81350
2026-09-21,28.3,17.1,0.0,0,18.7,42.8,2,GMT+1,Azrou,33.4344,-5.2213,Morocco,81350,81350
2026-09-22,27.2,15.0,0.0,0,15.5,39.6,0,GMT+1,Azrou,33.4344,-5.2213,Morocco,81350,81350
2026-09-23,28.4,15.8,0.0,0,10.8,25.6,0,GMT+1,Azrou,33.4344,-5.2213,Morocco,81350,81350
2026-09-24,28.8,18.0,0.0,0,15.5,36.7,2,GMT+1,Azrou,33.4344,-5.2213,Morocco,81350,81350
2026-09-25,28.4,18.2,0.0,5,15.1,40.7,3,GMT+1,Azrou,33.4344,-5.2213,Morocco,81350,81350
2026-09-19,30.6,20.9,1.4,23,29.7,58.7,3,GMT+1,Guercif,34.23,-3.36,Morocco,80703,80703
2026-09-20,31.6,21.2,0.0,0,30.3,52.9,3,GMT+1,Guercif,34.23,-3.36,Morocco,80703,80703
2026-09-21,29.3,20.3,0.0,0,26.8,52.2,3,GMT+1,Guercif,34.23,-3.36,Morocco,80703,80703
2026-09-22,30.8,16.4,0.0,0,23.7,48.6,45,GMT+1,Guercif,34.23,-3.36,Morocco,80703,80703
2026-09-23,32.9,17.1,0.0,0,23.3,43.9,1,GMT+1,Guercif,34.23,-3.36,Morocco,80703,80703
2026-09-24,35.5,18.1,0.0,0,20.6,33.5,0,GMT+1,Guercif,34.23,-3.36,Morocco,80703,80703
2026-09-25,36.5,20.2,0.0,0,23.9,42.1,3,GMT+1,Guercif,34.23,-3.36,Morocco,80703,80703
2026-09-19,31.0,19.1,0.0,30,18.4,53.6,3,GMT+1,Warzat,30.9167,-6.9167,Morocco,79218,79218
2026-09-20,31.6,19.6,1.1,28,21.9,57.6,3,GMT+1,Warzat,30.9167,-6.9167,Morocco,79218,79218
2026-09-21,32.7,18.8,0.3,5,24.8,44.3,3,GMT+1,Warzat,30.9167,-6.9167,Morocco,79218,79218
2026-09-22,33.4,17.4,0.0,0,34.8,59.8,1,GMT+1,Warzat,30.9167,-6.9167,Morocco,79218,79218
2026-09-23,32.5,16.7,0.0,0,22.8,46.4,1,GMT+1,Warzat,30.9167,-6.9167,Morocco,79218,79218
2026-09-24,32.9,16.6,0.0,0,12.7,20.9,3,GMT+1,Warzat,30.9167,-6.9167,Morocco,79218,79218
2026-09-25,29.4,18.0,3.9,14,10.2,26.6,80,GMT+1,Warzat,30.9167,-6.9167,Morocco,79218,79218
2026-09-19,24.2,21.3,2.5,40,24.3,48.6,80,GMT+1,Fnidq,35.8414,-5.3587,Morocco,77250,77250
2026-09-20,24.3,22.0,1.8,45,22.0,45.0,80,GMT+1,Fnidq,35.8414,-5.3587,Morocco,77250,77250
2026-09-21,25.2,21.3,0.0,8,19.9,36.4,2,GMT+1,Fnidq,35.8414,-5.3587,Morocco,77250,77250
2026-09-22,24.4,20.8,0.0,0,19.7,36.7,2,GMT+1,Fnidq,35.8414,-5.3587,Morocco,77250,77250
2026-09-23,24.3,20.5,0.0,0,16.7,30.2,2,GMT+1,Fnidq,35.8414,-5.3587,Morocco,77250,77250
2026-09-24,25.2,20.2,0.0,0,13.6,24.1,45,GMT+1,Fnidq,35.8414,-5.3587,Morocco,77250,77250
2026-09-25,29.4,19.9,0.0,0,8.3,14.4,45,GMT+1,Fnidq,35.8414,-5.3587,Morocco,77250,77250
2026-09-19,26.9,19.3,0.0,0,20.8,39.2,3,GMT+1,Tan-Tan,28.4333,-11.1,Morocco,76134,76134
2026-09-20,31.7,18.0,0.0,0,18.0,34.9,3,GMT+1,Tan-Tan,28.4333,-11.1,Morocco,76134,76134
2026-09-21,35.8,18.7,0.0,0,24.5,45.0,1,GMT+1,Tan-Tan,28.4333,-11.1,Morocco,76134,76134
2026-09-22,35.0,18.8,0.0,0,22.8,41.4,1,GMT+1,Tan-Tan,28.4333,-11.1,Morocco,76134,76134
2026-09-23,37.3,25.3,0.0,0,21.8,42.8,1,GMT+1,Tan-Tan,28.4333,-11.1,Morocco,76134,76134
2026-09-24,38.3,23.4,0.0,2,22.6,40.7,0,GMT+1,Tan-Tan,28.4333,-11.1,Morocco,76134,76134
2026-09-25,31.3,17.9,0.0,2,14.3,38.5,2,GMT+1,Tan-Tan,28.4333,-11.1,Morocco,76134,76134
2026-09-19,36.6,20.9,0.0,0,17.1,43.2,1,GMT+1,Sidi Qacem,34.21,-5.7,Morocco,75037,75037
2026-09-20,37.7,25.1,0.0,0,16.2,38.5,0,GMT+1,Sidi Qacem,34.21,-5.7,Morocco,75037,75037
2026-09-21,37.0,23.9,0.0,0,13.1,25.9,0,GMT+1,Sidi Qacem,34.21,-5.7,Morocco,75037,75037
2026-09-22,36.0,23.5,0.0,0,10.7,20.9,0,GMT+1,Sidi Qacem,34.21,-5.7,Morocco,75037,75037
2026-09-23,36.6,20.7,0.0,0,8.7,24.8,0,GMT+1,Sidi Qacem,34.21,-5.7,Morocco,75037,75037
2026-09-24,36.4,19.3,0.0,0,15.4,35.3,1,GMT+1,Sidi Qacem,34.21,-5.7,Morocco,75037,75037
2026-09-25,31.4,18.8,0.0,3,16.3,33.8,45,GMT+1,Sidi Qacem,34.21,-5.7,Morocco,75037,75037
2026-09-19,24.3,21.9,3.9,0,26.8,60.5,80,GMT+1,M’diq,35.68,-5.32,Morocco,67599,67599
2026-09-20,24.4,22.8,2.2,0,23.4,51.5,80,GMT+1,M’diq,35.68,-5.32,Morocco,67599,67599
2026-09-21,25.5,21.5,0.0,0,21.7,51.8,2,GMT+1,M’diq,35.68,-5.32,Morocco,67599,67599
2026-09-22,24.6,21.0,0.0,0,18.4,40.0,2,GMT+1,M’diq,35.68,-5.32,Morocco,67599,67599
2026-09-23,24.7,20.4,0.0,0,17.3,33.5,2,GMT+1,M’diq,35.68,-5.32,Morocco,67599,67599
2026-09-24,27.5,21.3,0.0,0,16.5,40.0,45,GMT+1,M’diq,35.68,-5.32,Morocco,67599,67599
2026-09-25,30.4,19.9,0.0,0,9.4,19.8,45,GMT+1,M’diq,35.68,-5.32,Morocco,67599,67599
2026-09-19,34.2,17.4,0.0,0,16.4,34.6,2,GMT+1,Youssoufia,32.25,-8.53,Morocco,65669,65669
2026-09-20,34.9,21.7,0.0,3,18.3,39.2,2,GMT+1,Youssoufia,32.25,-8.53,Morocco,65669,65669
2026-09-21,37.5,22.5,0.0,0,16.3,36.7,3,GMT+1,Youssoufia,32.25,-8.53,Morocco,65669,65669
2026-09-22,36.9,21.1,0.0,0,16.3,40.7,1,GMT+1,Youssoufia,32.25,-8.53,Morocco,65669,65669
2026-09-23,36.0,17.2,0.0,0,14.0,34.9,1,GMT+1,Youssoufia,32.25,-8.53,Morocco,65669,65669
2026-09-24,35.9,19.8,0.0,0,19.6,36.7,3,GMT+1,Youssoufia,32.25,-8.53,Morocco,65669,65669
2026-09-25,30.7,19.7,0.0,3,20.6,37.8,3,GMT+1,Youssoufia,32.25,-8.53,Morocco,65669,65669
2026-09-19,26.7,13.3,0.6,58,22.8,41.4,80,GMT+1,Midalt,32.68,-4.74,Morocco,62648,62648
2026-09-20,29.0,13.5,0.0,25,21.2,45.0,45,GMT+1,Midalt,32.68,-4.74,Morocco,62648,62648
2026-09-21,28.9,15.0,0.0,3,27.9,43.2,3,GMT+1,Midalt,32.68,-4.74,Morocco,62648,62648
2026-09-22,28.0,13.6,0.0,1,23.5,40.0,3,GMT+1,Midalt,32.68,-4.74,Morocco,62648,62648
2026-09-23,28.1,13.1,0.0,0,12.2,36.0,2,GMT+1,Midalt,32.68,-4.74,Morocco,62648,62648
2026-09-24,29.4,12.4,0.0,0,23.6,38.2,1,GMT+1,Midalt,32.68,-4.74,Morocco,62648,62648
2026-09-25,29.3,12.2,0.6,5,11.2,20.5,3,GMT+1,Midalt,32.68,-4.74,Morocco,62648,62648
2026-09-19,27.2,17.3,0.0,0,12.4,33.1,45,GMT+1,Aïn Harrouda,33.6372,-7.4483,Morocco,60804,60804
2026-09-20,30.3,19.1,0.0,0,11.5,29.9,45,GMT+1,Aïn Harrouda,33.6372,-7.4483,Morocco,60804,60804
2026-09-21,29.5,20.2,0.0,0,12.0,33.5,45,GMT+1,Aïn Harrouda,33.6372,-7.4483,Morocco,60804,60804
2026-09-22,29.7,20.2,0.0,0,11.4,30.6,0,GMT+1,Aïn Harrouda,33.6372,-7.4483,Morocco,60804,60804
2026-09-23,28.7,18.0,0.0,0,11.9,29.9,45,GMT+1,Aïn Harrouda,33.6372,-7.4483,Morocco,60804,60804
2026-09-24,28.2,17.4,0.0,0,11.8,27.4,45,GMT+1,Aïn Harrouda,33.6372,-7.4483,Morocco,60804,60804
2026-09-25,26.0,20.0,0.0,0,12.3,30.6,45,GMT+1,Aïn Harrouda,33.6372,-7.4483,Morocco,60804,60804
2026-09-19,38.0,20.8,0.0,0,14.8,25.6,3,GMT+1,Souq Sebt Oulad Nemma,32.3,-6.7,Morocco,60293,60293
2026-09-20,38.8,22.4,0.0,5,17.5,32.0,3,GMT+1,Souq Sebt Oulad Nemma,32.3,-6.7,Morocco,60293,60293
2026-09-21,37.7,22.5,0.0,0,14.7,24.5,3,GMT+1,Souq Sebt Oulad Nemma,32.3,-6.7,Morocco,60293,60293
2026-09-22,37.4,23.0,0.0,0,11.9,23.4,2,GMT+1,Souq Sebt Oulad Nemma,32.3,-6.7,Morocco,60293,60293
2026-09-23,37.6,20.6,0.0,0,11.0,20.5,0,GMT+1,Souq Sebt Oulad Nemma,32.3,-6.7,Morocco,60293,60293
2026-09-24,37.7,18.2,0.0,0,13.4,24.1,1,GMT+1,Souq Sebt Oulad Nemma,32.3,-6.7,Morocco,60293,60293
2026-09-25,35.4,20.6,0.0,3,11.9,22.0,3,GMT+1,Souq Sebt Oulad Nemma,32.3,-6.7,Morocco,60293,60293
2026-09-19,32.5,18.0,0.0,0,15.6,32.0,1,GMT+1,Mehdya,34.2557,-6.6745,Morocco,58558,58558
2026-09-20,35.2,20.4,0.0,0,12.0,29.9,0,GMT+1,Mehdya,34.2557,-6.6745,Morocco,58558,58558
2026-09-21,33.0,20.7,0.0,0,13.0,28.4,1,GMT+1,Mehdya,34.2557,-6.6745,Morocco,58558,58558
2026-09-22,31.9,20.6,0.0,0,11.9,27.4,0,GMT+1,Mehdya,34.2557,-6.6745,Morocco,58558,58558
2026-09-23,29.1,18.2,0.0,0,11.5,28.1,0,GMT+1,Mehdya,34.2557,-6.6745,Morocco,58558,58558
2026-09-24,28.1,17.9,0.0,0,10.9,26.3,45,GMT+1,Mehdya,34.2557,-6.6745,Morocco,58558,58558
2026-09-25,25.9,20.1,0.0,0,10.7,26.3,45,GMT+1,Mehdya,34.2557,-6.6745,Morocco,58558,58558
2026-09-19,35.4,17.7,0.0,0,16.3,35.3,2,GMT+1,Ouezzane,34.8,-5.6,Morocco,57737,57737
2026-09-20,36.3,21.2,0.0,0,14.4,25.9,2,GMT+1,Ouezzane,34.8,-5.6,Morocco,57737,57737
2026-09-21,35.5,20.4,0.0,0,11.5,25.6,1,GMT+1,Ouezzane,34.8,-5.6,Morocco,57737,57737
2026-09-22,34.8,17.8,0.0,0,9.8,20.5,0,GMT+1,Ouezzane,34.8,-5.6,Morocco,57737,57737
2026-09-23,35.2,17.5,0.0,0,14.3,25.2,0,GMT+1,Ouezzane,34.8,-5.6,Morocco,57737,57737
2026-09-24,35.8,18.3,0.0,0,12.9,31.7,1,GMT+1,Ouezzane,34.8,-5.6,Morocco,57737,57737
2026-09-25,31.3,17.7,0.0,3,15.3,32.0,45,GMT+1,Ouezzane,34.8,-5.6,Morocco,57737,57737
2026-09-19,32.0,19.7,0.1,0,18.6,28.4,51,GMT+1,Semara,26.7394,-11.6703,Morocco,57035,57035
2026-09-20,37.8,18.9,0.0,0,21.7,37.8,2,GMT+1,Semara,26.7394,-11.6703,Morocco,57035,57035
2026-09-21,41.9,25.2,0.0,10,23.8,41.4,3,GMT+1,Semara,26.7394,-11.6703,Morocco,57035,57035
2026-09-22,41.6,25.0,0.0,2,25.3,47.9,0,GMT+1,Semara,26.7394,-11.6703,Morocco,57035,57035
2026-09-23,41.7,27.2,0.0,2,24.2,46.8,1,GMT+1,Semara,26.7394,-11.6703,Morocco,57035,57035
2026-09-24,41.7,26.9,0.0,2,29.0,44.6,0,GMT+1,Semara,26.7394,-11.6703,Morocco,57035,57035
2026-09-25,40.1,25.0,0.0,2,25.3,51.5,3,GMT+1,Semara,26.7394,-11.6703,Morocco,57035,57035
2026-09-19,34.8,19.9,0.3,18,30.3,38.9,3,GMT+1,Ait Ourir,31.5644,-7.6628,Morocco,56954,56954
2026-09-20,35.6,23.3,0.0,23,13.0,27.0,3,GMT+1,Ait Ourir,31.5644,-7.6628,Morocco,56954,56954
2026-09-21,35.6,22.3,0.0,3,17.0,33.8,3,GMT+1,Ait Ourir,31.5644,-7.6628,Morocco,56954,56954
2026-09-22,35.4,22.2,0.0,1,17.0,29.9,3,GMT+1,Ait Ourir,31.5644,-7.6628,Morocco,56954,56954
2026-09-23,35.2,19.8,0.0,2,15.1,26.3,0,GMT+1,Ait Ourir,31.5644,-7.6628,Morocco,56954,56954
2026-09-24,35.7,19.5,0.0,3,14.3,27.7,1,GMT+1,Ait Ourir,31.5644,-7.6628,Morocco,56954,56954
2026-09-25,32.9,19.7,0.0,5,11.6,23.0,3,GMT+1,Ait Ourir,31.5644,-7.6628,Morocco,56954,56954
2026-09-19,33.1,19.7,0.0,5,21.7,34.9,2,GMT+1,Oulad Tayeb,33.9598,-4.9954,Morocco,56352,56352
2026-09-20,34.9,20.3,0.0,0,15.9,29.5,1,GMT+1,Oulad Tayeb,33.9598,-4.9954,Morocco,56352,56352
2026-09-21,34.1,20.5,0.0,0,14.1,27.4,1,GMT+1,Oulad Tayeb,33.9598,-4.9954,Morocco,56352,56352
2026-09-22,33.0,19.4,0.0,0,12.5,24.5,0,GMT+1,Oulad Tayeb,33.9598,-4.9954,Morocco,56352,56352
2026-09-23,34.5,18.3,0.0,0,11.4,27.0,0,GMT+1,Oulad Tayeb,33.9598,-4.9954,Morocco,56352,56352
2026-09-24,35.2,19.5,0.0,0,13.7,33.5,2,GMT+1,Oulad Tayeb,33.9598,-4.9954,Morocco,56352,56352
2026-09-25,32.7,19.2,0.0,0,16.3,40.3,3,GMT+1,Oulad Tayeb,33.9598,-4.9954,Morocco,56352,56352
2026-09-19,27.5,17.4,0.0,0,13.1,34.6,45,GMT+1,Tit Mellil,33.5533,-7.4822,Morocco,56019,56019
2026-09-20,31.1,18.9,0.0,0,12.2,31.7,1,GMT+1,Tit Mellil,33.5533,-7.4822,Morocco,56019,56019
2026-09-21,30.5,19.9,0.0,0,12.9,34.6,45,GMT+1,Tit Mellil,33.5533,-7.4822,Morocco,56019,56019
2026-09-22,30.4,19.8,0.0,0,12.3,32.4,1,GMT+1,Tit Mellil,33.5533,-7.4822,Morocco,56019,56019
2026-09-23,29.5,17.8,0.0,0,12.2,31.3,45,GMT+1,Tit Mellil,33.5533,-7.4822,Morocco,56019,56019
2026-09-24,28.7,17.2,0.0,0,11.3,30.2,45,GMT+1,Tit Mellil,33.5533,-7.4822,Morocco,56019,56019
2026-09-25,25.9,19.4,0.0,3,12.0,33.1,45,GMT+1,Tit Mellil,33.5533,-7.4822,Morocco,56019,56019
2026-09-19,33.6,16.6,0.0,0,19.1,33.8,3,GMT+1,Sidi Bennour,32.655,-8.4292,Morocco,55847,55847
2026-09-20,35.2,18.8,0.0,0,17.6,32.4,2,GMT+1,Sidi Bennour,32.655,-8.4292,Morocco,55847,55847
2026-09-21,37.8,19.6,0.0,0,17.8,34.6,3,GMT+1,Sidi Bennour,32.655,-8.4292,Morocco,55847,55847
2026-09-22,36.4,18.1,0.0,0,16.2,33.8,45,GMT+1,Sidi Bennour,32.655,-8.4292,Morocco,55847,55847
2026-09-23,35.8,18.3,0.0,0,13.8,31.3,45,GMT+1,Sidi Bennour,32.655,-8.4292,Morocco,55847,55847
2026-09-24,34.6,16.6,0.0,3,17.4,32.8,3,GMT+1,Sidi Bennour,32.655,-8.4292,Morocco,55847,55847
2026-09-25,29.4,18.4,0.0,3,18.1,33.5,45,GMT+1,Sidi Bennour,32.655,-8.4292,Morocco,55847,55847
2026-09-19,27.0,19.8,0.0,0,22.2,46.1,45,GMT+1,Temsia,30.3633,-9.4144,Morocco,52663,52663
2026-09-20,28.3,19.7,0.0,0,19.5,40.3,45,GMT+1,Temsia,30.3633,-9.4144,Morocco,52663,52663
2026-09-21,37.9,22.1,0.0,0,15.5,32.0,3,GMT+1,Temsia,30.3633,-9.4144,Morocco,52663,52663
2026-09-22,37.7,21.7,0.0,0,21.7,47.9,2,GMT+1,Temsia,30.3633,-9.4144,Morocco,52663,52663
2026-09-23,37.0,20.9,0.0,0,17.8,45.0,1,GMT+1,Temsia,30.3633,-9.4144,Morocco,52663,52663
2026-09-24,39.5,22.4,0.0,0,26.4,43.6,3,GMT+1,Temsia,30.3633,-9.4144,Morocco,52663,52663
2026-09-25,29.9,20.3,0.0,0,28.3,48.6,45,GMT+1,Temsia,30.3633,-9.4144,Morocco,52663,52663
2026-09-19,27.8,19.7,0.0,0,21.7,35.6,2,GMT+1,Biougra,30.2144,-9.3708,Morocco,50626,50626
2026-09-20,28.8,19.9,0.0,0,19.1,32.8,2,GMT+1,Biougra,30.2144,-9.3708,Morocco,50626,50626
2026-09-21,39.5,22.3,0.0,0,18.8,30.6,3,GMT+1,Biougra,30.2144,-9.3708,Morocco,50626,50626
2026-09-22,38.1,23.0,0.0,0,22.1,42.1,2,GMT+1,Biougra,30.2144,-9.3708,Morocco,50626,50626
2026-09-23,37.1,21.8,0.0,0,22.1,40.7,0,GMT+1,Biougra,30.2144,-9.3708,Morocco,50626,50626
2026-09-24,37.8,21.8,0.0,0,22.8,38.5,3,GMT+1,Biougra,30.2144,-9.3708,Morocco,50626,50626
2026-09-25,28.1,19.9,0.0,0,24.4,41.0,45,GMT+1,Biougra,30.2144,-9.3708,Morocco,50626,50626
2026-09-19,27.6,21.3,0.0,0,28.1,52.2,3,GMT+1,Al Hoceïma,35.2472,-3.9322,Morocco,50225,50225
2026-09-20,28.2,23.9,0.0,10,23.9,43.9,2,GMT+1,Al Hoceïma,35.2472,-3.9322,Morocco,50225,50225
2026-09-21,28.8,20.8,0.0,0,24.3,43.6,1,GMT+1,Al Hoceïma,35.2472,-3.9322,Morocco,50225,50225
2026-09-22,27.8,17.7,0.0,0,14.9,32.8,1,GMT+1,Al Hoceïma,35.2472,-3.9322,Morocco,50225,50225
2026-09-23,26.8,17.8,0.0,0,13.0,22.3,1,GMT+1,Al Hoceïma,35.2472,-3.9322,Morocco,50225,50225
2026-09-24,26.7,19.5,0.0,0,8.4,16.2,45,GMT+1,Al Hoceïma,35.2472,-3.9322,Morocco,50225,50225
2026-09-25,27.7,21.1,0.0,0,7.2,14.8,45,GMT+1,Al Hoceïma,35.2472,-3.9322,Morocco,50225,50225
2026-09-19,36.9,20.1,0.0,0,16.3,27.0,2,GMT+1,Qasbat Tadla,32.6,-6.26,Morocco,48172,48172
2026-09-20,38.1,22.3,0.0,0,23.2,30.2,3,GMT+1,Qasbat Tadla,32.6,-6.26,Morocco,48172,48172
2026-09-21,36.7,20.8,0.0,0,16.6,30.6,3,GMT+1,Qasbat Tadla,32.6,-6.26,Morocco,48172,48172
2026-09-22,36.3,20.2,0.0,0,13.0,23.0,2,GMT+1,Qasbat Tadla,32.6,-6.26,Morocco,48172,48172
2026-09-23,36.6,18.8,0.0,0,8.8,19.4,0,GMT+1,Qasbat Tadla,32.6,-6.26,Morocco,48172,48172
2026-09-24,36.8,16.5,0.0,3,13.5,25.2,1,GMT+1,Qasbat Tadla,32.6,-6.26,Morocco,48172,48172
2026-09-25,34.7,18.0,0.0,4,11.7,23.0,3,GMT+1,Qasbat Tadla,32.6,-6.26,Morocco,48172,48172
2026-09-19,28.5,18.3,0.1,20,20.6,36.7,3,GMT+1,Aziylal,31.96,-6.56,Morocco,48138,48138
2026-09-20,28.7,19.6,0.1,15,16.2,40.0,3,GMT+1,Aziylal,31.96,-6.56,Morocco,48138,48138
2026-09-21,27.6,19.0,0.0,3,19.0,43.2,3,GMT+1,Aziylal,31.96,-6.56,Morocco,48138,48138
2026-09-22,28.4,17.8,0.0,0,19.1,45.4,1,GMT+1,Aziylal,31.96,-6.56,Morocco,48138,48138
2026-09-23,28.8,16.9,0.0,0,17.7,35.3,0,GMT+1,Aziylal,31.96,-6.56,Morocco,48138,48138
2026-09-24,29.0,18.0,0.0,3,20.9,43.6,0,GMT+1,Aziylal,31.96,-6.56,Morocco,48138,48138
2026-09-25,27.3,17.2,0.3,10,15.2,35.3,3,GMT+1,Aziylal,31.96,-6.56,Morocco,48138,48138
2026-09-19,35.0,20.5,0.0,0,21.4,37.1,2,GMT+1,Boujad,32.7741,-6.3925,Morocco,47209,47209
2026-09-20,36.1,21.7,0.0,3,22.1,39.2,3,GMT+1,Boujad,32.7741,-6.3925,Morocco,47209,47209
2026-09-21,34.8,21.4,0.0,0,21.3,32.8,3,GMT+1,Boujad,32.7741,-6.3925,Morocco,47209,47209
2026-09-22,34.6,20.7,0.0,0,14.0,23.0,2,GMT+1,Boujad,32.7741,-6.3925,Morocco,47209,47209
2026-09-23,34.6,19.5,0.0,0,13.8,27.7,0,GMT+1,Boujad,32.7741,-6.3925,Morocco,47209,47209
2026-09-24,34.1,19.8,0.0,0,12.8,31.7,2,GMT+1,Boujad,32.7741,-6.3925,Morocco,47209,47209
2026-09-25,32.9,20.0,0.0,0,17.4,33.8,3,GMT+1,Boujad,32.7741,-6.3925,Morocco,47209,47209
2026-09-19,26.2,21.3,0.0,3,28.6,51.1,45,GMT+1,Al Aaroui,35.0104,-3.0073,Morocco,46540,46540
2026-09-20,27.0,21.5,0.0,8,29.0,49.0,3,GMT+1,Al Aaroui,35.0104,-3.0073,Morocco,46540,46540
2026-09-21,26.8,20.9,0.0,3,22.9,43.9,3,GMT+1,Al Aaroui,35.0104,-3.0073,Morocco,46540,46540
2026-09-22,27.3,15.7,0.0,0,22.4,43.2,45,GMT+1,Al Aaroui,35.0104,-3.0073,Morocco,46540,46540
2026-09-23,27.2,18.1,0.0,0,21.1,34.9,45,GMT+1,Al Aaroui,35.0104,-3.0073,Morocco,46540,46540
2026-09-24,31.5,17.0,0.0,0,14.2,26.6,1,GMT+1,Al Aaroui,35.0104,-3.0073,Morocco,46540,46540
2026-09-25,32.2,17.7,0.0,0,18.7,34.2,3,GMT+1,Al Aaroui,35.0104,-3.0073,Morocco,46540,46540
2026-09-19,31.5,18.0,0.0,10,16.7,38.9,3,GMT+1,Mrirt,33.1654,-5.5634,Morocco,46285,46285
2026-09-20,32.8,17.7,0.0,8,21.8,47.5,2,GMT+1,Mrirt,33.1654,-5.5634,Morocco,46285,46285
2026-09-21,31.8,17.8,0.0,0,23.4,45.0,2,GMT+1,Mrirt,33.1654,-5.5634,Morocco,46285,46285
2026-09-22,31.3,16.1,0.0,0,20.5,38.2,2,GMT+1,Mrirt,33.1654,-5.5634,Morocco,46285,46285
2026-09-23,32.5,16.1,0.0,0,15.3,34.9,1,GMT+1,Mrirt,33.1654,-5.5634,Morocco,46285,46285
2026-09-24,32.2,16.2,0.0,0,13.8,26.6,0,GMT+1,Mrirt,33.1654,-5.5634,Morocco,46285,46285
2026-09-25,31.7,15.5,0.0,7,15.3,34.9,3,GMT+1,Mrirt,33.1654,-5.5634,Morocco,46285,46285
2026-09-19,28.3,18.1,7.4,70,17.9,57.2,95,GMT+1,Tineghir,31.5147,-5.5328,Morocco,44239,44239
2026-09-20,28.0,17.2,0.4,55,8.9,21.2,80,GMT+1,Tineghir,31.5147,-5.5328,Morocco,44239,44239
2026-09-21,29.8,18.4,0.1,26,20.7,37.4,80,GMT+1,Tineghir,31.5147,-5.5328,Morocco,44239,44239
2026-09-22,29.6,17.8,0.0,0,11.2,45.7,1,GMT+1,Tineghir,31.5147,-5.5328,Morocco,44239,44239
2026-09-23,29.4,17.5,0.0,0,14.2,28.4,2,GMT+1,Tineghir,31.5147,-5.5328,Morocco,44239,44239
2026-09-24,30.1,17.0,0.0,5,11.6,22.3,2,GMT+1,Tineghir,31.5147,-5.5328,Morocco,44239,44239
2026-09-25,26.6,17.5,0.6,12,11.8,25.6,3,GMT+1,Tineghir,31.5147,-5.5328,Morocco,44239,44239
2026-09-19,29.6,18.1,0.0,0,16.1,25.6,1,GMT+1,Bouknadel,34.1766,-6.6893,Morocco,43598,43598
2026-09-20,31.8,20.1,0.0,0,13.2,24.5,0,GMT+1,Bouknadel,34.1766,-6.6893,Morocco,43598,43598
2026-09-21,29.2,20.6,0.0,0,13.8,22.7,1,GMT+1,Bouknadel,34.1766,-6.6893,Morocco,43598,43598
2026-09-22,28.7,20.2,0.0,0,13.2,22.0,0,GMT+1,Bouknadel,34.1766,-6.6893,Morocco,43598,43598
2026-09-23,27.2,18.9,0.0,0,12.2,24.1,0,GMT+1,Bouknadel,34.1766,-6.6893,Morocco,43598,43598
2026-09-24,28.1,17.9,0.0,0,10.9,26.3,45,GMT+1,Bouknadel,34.1766,-6.6893,Morocco,43598,43598
2026-09-25,25.9,20.0,0.0,0,10.7,26.3,45,GMT+1,Bouknadel,34.1766,-6.6893,Morocco,43598,43598
2026-09-19,24.8,20.0,0.0,0,22.2,42.5,3,GMT+1,Cabo Bojador,26.1269,-14.4992,Morocco,42651,42651
2026-09-20,27.5,18.9,0.0,0,26.2,47.9,1,GMT+1,Cabo Bojador,26.1269,-14.4992,Morocco,42651,42651
2026-09-21,27.0,20.3,0.0,3,26.4,47.9,2,GMT+1,Cabo Bojador,26.1269,-14.4992,Morocco,42651,42651
2026-09-22,26.6,20.7,0.0,7,26.9,49.0,1,GMT+1,Cabo Bojador,26.1269,-14.4992,Morocco,42651,42651
2026-09-23,28.4,20.5,0.0,2,24.6,46.1,0,GMT+1,Cabo Bojador,26.1269,-14.4992,Morocco,42651,42651
2026-09-24,34.1,23.5,0.0,2,30.6,51.5,1,GMT+1,Cabo Bojador,26.1269,-14.4992,Morocco,42651,42651
2026-09-25,29.7,23.7,0.0,4,30.2,51.1,3,GMT+1,Cabo Bojador,26.1269,-14.4992,Morocco,42651,42651
2026-09-19,33.4,25.3,0.0,8,26.3,36.4,3,GMT+1,Zagora,30.3316,-5.8376,Morocco,42294,42294
2026-09-20,34.2,23.5,0.0,8,13.2,37.8,3,GMT+1,Zagora,30.3316,-5.8376,Morocco,42294,42294
2026-09-21,34.3,24.2,0.7,28,15.8,32.8,80,GMT+1,Zagora,30.3316,-5.8376,Morocco,42294,42294
2026-09-22,34.2,25.0,0.0,0,10.9,25.9,3,GMT+1,Zagora,30.3316,-5.8376,Morocco,42294,42294
2026-09-23,33.3,24.8,0.0,0,12.0,24.1,2,GMT+1,Zagora,30.3316,-5.8376,Morocco,42294,42294
2026-09-24,34.2,23.8,0.7,3,17.1,27.0,80,GMT+1,Zagora,30.3316,-5.8376,Morocco,42294,42294
2026-09-25,31.6,23.3,1.7,10,12.9,24.5,80,GMT+1,Zagora,30.3316,-5.8376,Morocco,42294,42294
2026-09-19,26.9,18.8,0.0,0,16.8,29.5,45,GMT+1,Azemmour,33.2833,-8.3333,Morocco,42098,42098
2026-09-20,28.2,18.9,0.0,0,13.7,22.3,45,GMT+1,Azemmour,33.2833,-8.3333,Morocco,42098,42098
2026-09-21,28.5,20.6,0.0,0,14.2,27.0,45,GMT+1,Azemmour,33.2833,-8.3333,Morocco,42098,42098
2026-09-22,27.0,20.2,0.0,0,13.1,24.1,45,GMT+1,Azemmour,33.2833,-8.3333,Morocco,42098,42098
2026-09-23,27.5,20.0,0.0,0,12.9,27.0,45,GMT+1,Azemmour,33.2833,-8.3333,Morocco,42098,42098
2026-09-24,27.2,19.5,0.0,0,12.4,25.2,45,GMT+1,Azemmour,33.2833,-8.3333,Morocco,42098,42098
2026-09-25,25.3,20.1,0.0,0,11.5,24.8,3,GMT+1,Azemmour,33.2833,-8.3333,Morocco,42098,42098
2026-09-19,30.9,17.1,0.3,20,19.8,35.6,80,GMT+1,El Hajeb,33.6928,-5.3711,Morocco,41359,41359
2026-09-20,32.3,20.1,0.0,0,18.0,38.9,2,GMT+1,El Hajeb,33.6928,-5.3711,Morocco,41359,41359
2026-09-21,31.4,20.5,0.0,0,17.7,41.8,1,GMT+1,El Hajeb,33.6928,-5.3711,Morocco,41359,41359
2026-09-22,30.3,19.2,0.0,0,18.3,41.8,0,GMT+1,El Hajeb,33.6928,-5.3711,Morocco,41359,41359
2026-09-23,31.6,19.1,0.0,0,15.9,33.5,0,GMT+1,El Hajeb,33.6928,-5.3711,Morocco,41359,41359
2026-09-24,32.6,20.0,0.0,0,19.5,39.2,2,GMT+1,El Hajeb,33.6928,-5.3711,Morocco,41359,41359
2026-09-25,30.6,18.5,0.0,3,19.8,38.9,3,GMT+1,El Hajeb,33.6928,-5.3711,Morocco,41359,41359
2026-09-19,27.1,16.8,0.9,60,20.2,50.0,80,GMT+1,Jerada,34.31,-2.16,Morocco,41014,41014
2026-09-20,27.8,16.4,0.0,25,21.3,53.6,80,GMT+1,Jerada,34.31,-2.16,Morocco,41014,41014
2026-09-21,25.0,16.1,0.0,3,23.4,48.2,45,GMT+1,Jerada,34.31,-2.16,Morocco,41014,41014
2026-09-22,26.9,14.6,0.0,0,16.7,47.9,2,GMT+1,Jerada,34.31,-2.16,Morocco,41014,41014
2026-09-23,29.0,16.4,0.0,0,16.3,42.5,2,GMT+1,Jerada,34.31,-2.16,Morocco,41014,41014
2026-09-24,30.0,15.7,0.0,0,16.7,28.1,0,GMT+1,Jerada,34.31,-2.16,Morocco,41014,41014
2026-09-25,31.4,16.6,0.0,0,21.6,42.1,3,GMT+1,Jerada,34.31,-2.16,Morocco,41014,41014
2026-09-19,29.9,18.9,0.6,28,24.1,39.2,3,GMT+1,El Aïoun,34.5726,-2.5127,Morocco,40652,40652
2026-09-20,31.2,18.9,0.0,10,22.0,38.2,3,GMT+1,El Aïoun,34.5726,-2.5127,Morocco,40652,40652
2026-09-21,27.2,18.5,0.0,3,20.3,31.7,45,GMT+1,El Aïoun,34.5726,-2.5127,Morocco,40652,40652
2026-09-22,29.5,13.8,0.0,0,16.1,32.4,45,GMT+1,El Aïoun,34.5726,-2.5127,Morocco,40652,40652
2026-09-23,31.5,15.7,0.0,0,19.2,27.4,1,GMT+1,El Aïoun,34.5726,-2.5127,Morocco,40652,40652
2026-09-24,34.4,16.2,0.0,0,17.7,28.8,1,GMT+1,El Aïoun,34.5726,-2.5127,Morocco,40652,40652
2026-09-25,33.2,18.6,0.0,0,16.6,28.8,3,GMT+1,El Aïoun,34.5726,-2.5127,Morocco,40652,40652
2026-09-19,35.7,20.4,0.0,10,16.3,24.1,3,GMT+1,Tameslouht,31.5,-8.1,Morocco,40283,40283
2026-09-20,36.5,23.0,0.0,35,17.4,42.8,80,GMT+1,Tameslouht,31.5,-8.1,Morocco,40283,40283
2026-09-21,36.7,23.4,0.0,0,22.2,36.4,3,GMT+1,Tameslouht,31.5,-8.1,Morocco,40283,40283
2026-09-22,36.3,22.4,0.0,0,19.2,30.2,1,GMT+1,Tameslouht,31.5,-8.1,Morocco,40283,40283
2026-09-23,36.0,19.7,0.0,0,18.6,21.6,0,GMT+1,Tameslouht,31.5,-8.1,Morocco,40283,40283
2026-09-24,36.3,21.1,0.0,0,22.7,37.8,1,GMT+1,Tameslouht,31.5,-8.1,Morocco,40283,40283
2026-09-25,33.6,21.8,0.0,5,21.0,34.9,3,GMT+1,Tameslouht,31.5,-8.1,Morocco,40283,40283
2026-09-19,36.2,17.7,0.0,0,19.9,36.4,1,GMT+1,Sidi Yahia El Gharb,34.3058,-6.3058,Morocco,39946,39946
2026-09-20,38.1,22.4,0.0,0,18.6,29.9,0,GMT+1,Sidi Yahia El Gharb,34.3058,-6.3058,Morocco,39946,39946
2026-09-21,37.0,19.8,0.0,0,19.1,34.9,45,GMT+1,Sidi Yahia El Gharb,34.3058,-6.3058,Morocco,39946,39946
2026-09-22,36.7,21.1,0.0,0,12.0,34.2,0,GMT+1,Sidi Yahia El Gharb,34.3058,-6.3058,Morocco,39946,39946
2026-09-23,34.0,17.0,0.0,0,19.1,30.2,0,GMT+1,Sidi Yahia El Gharb,34.3058,-6.3058,Morocco,39946,39946
2026-09-24,33.4,17.3,0.0,0,17.6,33.1,45,GMT+1,Sidi Yahia El Gharb,34.3058,-6.3058,Morocco,39946,39946
2026-09-25,29.3,19.7,0.0,3,16.6,31.7,45,GMT+1,Sidi Yahia El Gharb,34.3058,-6.3058,Morocco,39946,39946
2026-09-19,35.1,19.4,0.0,0,19.6,33.1,2,GMT+1,Chichaoua,31.5333,-8.7667,Morocco,38452,38452
2026-09-20,34.4,22.4,0.0,8,22.4,36.7,2,GMT+1,Chichaoua,31.5333,-8.7667,Morocco,38452,38452
2026-09-21,37.4,22.1,0.0,0,24.3,41.4,3,GMT+1,Chichaoua,31.5333,-8.7667,Morocco,38452,38452
2026-09-22,37.4,20.0,0.0,0,21.2,41.0,0,GMT+1,Chichaoua,31.5333,-8.7667,Morocco,38452,38452
2026-09-23,36.5,18.0,0.0,0,19.4,39.2,1,GMT+1,Chichaoua,31.5333,-8.7667,Morocco,38452,38452
2026-09-24,37.0,21.2,0.0,0,19.6,36.4,3,GMT+1,Chichaoua,31.5333,-8.7667,Morocco,38452,38452
2026-09-25,32.3,21.2,0.0,0,20.9,35.6,3,GMT+1,Chichaoua,31.5333,-8.7667,Morocco,38452,38452
2026-09-19,34.8,19.8,0.0,5,15.7,28.4,3,GMT+1,Al ’Attawia,31.83,-7.31,Morocco,38405,38405
2026-09-20,36.3,22.2,0.1,13,21.3,31.0,80,GMT+1,Al ’Attawia,31.83,-7.31,Morocco,38405,38405
2026-09-21,35.8,21.5,0.0,0,16.5,29.2,2,GMT+1,Al ’Attawia,31.83,-7.31,Morocco,38405,38405
2026-09-22,35.4,20.9,0.0,0,13.7,31.3,1,GMT+1,Al ’Attawia,31.83,-7.31,Morocco,38405,38405
2026-09-23,35.6,19.0,0.0,0,14.3,23.8,0,GMT+1,Al ’Attawia,31.83,-7.31,Morocco,38405,38405
2026-09-24,35.7,17.2,0.0,3,13.8,25.6,3,GMT+1,Al ’Attawia,31.83,-7.31,Morocco,38405,38405
2026-09-25,32.5,17.9,0.0,12,13.4,24.1,3,GMT+1,Al ’Attawia,31.83,-7.31,Morocco,38405,38405
2026-09-19,31.1,19.9,0.1,30,16.9,43.2,3,GMT+1,Tabount,30.9014,-6.9217,Morocco,37465,37465
2026-09-20,31.8,19.7,0.9,28,19.0,48.2,3,GMT+1,Tabount,30.9014,-6.9217,Morocco,37465,37465
2026-09-21,32.7,19.6,0.2,5,25.3,41.4,3,GMT+1,Tabount,30.9014,-6.9217,Morocco,37465,37465
2026-09-22,33.9,18.6,0.0,0,34.3,55.4,1,GMT+1,Tabount,30.9014,-6.9217,Morocco,37465,37465
2026-09-23,32.5,18.1,0.0,0,19.7,38.9,1,GMT+1,Tabount,30.9014,-6.9217,Morocco,37465,37465
2026-09-24,32.8,16.5,0.0,0,12.7,20.9,3,GMT+1,Tabount,30.9014,-6.9217,Morocco,37465,37465
2026-09-25,29.3,17.9,3.9,14,10.2,26.6,80,GMT+1,Tabount,30.9014,-6.9217,Morocco,37465,37465
2026-09-19,28.1,21.0,0.0,5,22.7,52.9,45,GMT+1,Zaïo,34.9396,-2.7334,Morocco,36766,36766
2026-09-20,29.5,21.4,0.0,0,23.2,37.8,45,GMT+1,Zaïo,34.9396,-2.7334,Morocco,36766,36766
2026-09-21,27.9,20.4,0.0,0,22.1,45.0,2,GMT+1,Zaïo,34.9396,-2.7334,Morocco,36766,36766
2026-09-22,29.1,16.9,0.0,0,14.3,34.2,45,GMT+1,Zaïo,34.9396,-2.7334,Morocco,36766,36766
2026-09-23,29.8,18.1,0.0,0,12.0,27.7,45,GMT+1,Zaïo,34.9396,-2.7334,Morocco,36766,36766
2026-09-24,31.6,16.7,0.0,0,15.9,29.2,45,GMT+1,Zaïo,34.9396,-2.7334,Morocco,36766,36766
2026-09-25,33.2,17.6,0.0,0,14.8,27.4,3,GMT+1,Zaïo,34.9396,-2.7334,Morocco,36766,36766
2026-09-19,31.4,18.2,0.0,8,16.8,34.6,3,GMT+1,Aguelmous,33.1324,-5.8366,Morocco,36560,36560
2026-09-20,32.8,19.2,0.0,5,21.3,50.0,2,GMT+1,Aguelmous,33.1324,-5.8366,Morocco,36560,36560
2026-09-21,32.0,19.7,0.0,0,20.9,42.8,2,GMT+1,Aguelmous,33.1324,-5.8366,Morocco,36560,36560
2026-09-22,31.1,18.8,0.0,0,16.3,33.1,1,GMT+1,Aguelmous,33.1324,-5.8366,Morocco,36560,36560
2026-09-23,31.8,18.1,0.0,0,14.9,26.3,1,GMT+1,Aguelmous,33.1324,-5.8366,Morocco,36560,36560
2026-09-24,31.6,17.9,0.0,0,15.3,31.0,0,GMT+1,Aguelmous,33.1324,-5.8366,Morocco,36560,36560
2026-09-25,30.4,18.6,0.0,8,16.5,36.0,3,GMT+1,Aguelmous,33.1324,-5.8366,Morocco,36560,36560
2026-09-19,29.2,23.0,0.0,0,34.6,65.2,1,GMT+1,Asilah,35.4667,-6.0333,Morocco,36039,36039
2026-09-20,30.4,24.3,0.0,0,27.2,51.5,1,GMT+1,Asilah,35.4667,-6.0333,Morocco,36039,36039
2026-09-21,30.9,23.7,0.0,0,25.4,49.3,1,GMT+1,Asilah,35.4667,-6.0333,Morocco,36039,36039
2026-09-22,30.6,21.9,0.0,0,18.8,34.2,0,GMT+1,Asilah,35.4667,-6.0333,Morocco,36039,36039
2026-09-23,30.6,21.4,0.0,0,17.3,29.9,0,GMT+1,Asilah,35.4667,-6.0333,Morocco,36039,36039
2026-09-24,34.7,20.3,0.0,0,13.3,25.9,1,GMT+1,Asilah,35.4667,-6.0333,Morocco,36039,36039
2026-09-25,28.5,20.2,0.0,0,12.2,24.5,3,GMT+1,Asilah,35.4667,-6.0333,Morocco,36039,36039
2026-09-19,29.3,20.4,0.0,0,25.5,48.2,3,GMT+1,Imzouren,35.1464,-3.8506,Morocco,34848,34848
2026-09-20,28.9,22.6,0.0,0,19.9,36.7,2,GMT+1,Imzouren,35.1464,-3.8506,Morocco,34848,34848
2026-09-21,29.3,20.0,0.0,0,22.7,42.5,2,GMT+1,Imzouren,35.1464,-3.8506,Morocco,34848,34848
2026-09-22,28.4,17.6,0.0,0,14.6,27.4,0,GMT+1,Imzouren,35.1464,-3.8506,Morocco,34848,34848
2026-09-23,27.3,17.6,0.0,0,14.1,25.2,1,GMT+1,Imzouren,35.1464,-3.8506,Morocco,34848,34848
2026-09-24,29.3,18.7,0.0,0,10.7,22.0,2,GMT+1,Imzouren,35.1464,-3.8506,Morocco,34848,34848
2026-09-25,30.0,22.6,0.0,0,11.2,22.0,3,GMT+1,Imzouren,35.1464,-3.8506,Morocco,34848,34848
2026-09-19,30.8,17.1,0.0,0,17.1,29.5,45,GMT+1,Mediouna,33.4556,-7.5208,Morocco,34510,34510
2026-09-20,35.2,18.8,0.0,0,17.2,31.0,1,GMT+1,Mediouna,33.4556,-7.5208,Morocco,34510,34510
2026-09-21,34.6,19.5,0.0,0,17.2,31.7,45,GMT+1,Mediouna,33.4556,-7.5208,Morocco,34510,34510
2026-09-22,34.0,19.0,0.0,0,18.1,29.9,1,GMT+1,Mediouna,33.4556,-7.5208,Morocco,34510,34510
2026-09-23,33.3,17.3,0.0,0,16.2,27.7,45,GMT+1,Mediouna,33.4556,-7.5208,Morocco,34510,34510
2026-09-24,28.3,16.8,0.0,0,11.3,30.2,45,GMT+1,Mediouna,33.4556,-7.5208,Morocco,34510,34510
2026-09-25,25.5,19.0,0.0,3,12.0,33.1,45,GMT+1,Mediouna,33.4556,-7.5208,Morocco,34510,34510
2026-09-19,31.8,18.4,0.0,13,16.3,27.4,3,GMT+1,Demnat,31.7311,-7.0361,Morocco,33635,33635
2026-09-20,32.9,22.0,0.1,15,17.4,31.0,3,GMT+1,Demnat,31.7311,-7.0361,Morocco,33635,33635
2026-09-21,32.0,20.8,0.0,0,17.7,35.6,2,GMT+1,Demnat,31.7311,-7.0361,Morocco,33635,33635
2026-09-22,32.1,20.4,0.0,0,16.2,34.9,2,GMT+1,Demnat,31.7311,-7.0361,Morocco,33635,33635
2026-09-23,32.5,18.0,0.0,0,16.8,31.7,0,GMT+1,Demnat,31.7311,-7.0361,Morocco,33635,33635
2026-09-24,32.6,17.6,0.0,5,15.4,30.2,3,GMT+1,Demnat,31.7311,-7.0361,Morocco,33635,33635
2026-09-25,29.9,16.7,0.0,14,15.8,30.2,3,GMT+1,Demnat,31.7311,-7.0361,Morocco,33635,33635
2026-09-19,33.5,18.8,0.0,5,18.7,31.0,2,GMT+1,Aïn Taoujdat,33.9333,-5.2167,Morocco,33055,33055
2026-09-20,35.1,19.4,0.0,0,14.7,28.1,0,GMT+1,Aïn Taoujdat,33.9333,-5.2167,Morocco,33055,33055
2026-09-21,34.0,19.8,0.0,0,13.5,24.5,1,GMT+1,Aïn Taoujdat,33.9333,-5.2167,Morocco,33055,33055
2026-09-22,32.8,18.8,0.0,0,13.1,27.4,0,GMT+1,Aïn Taoujdat,33.9333,-5.2167,Morocco,33055,33055
2026-09-23,33.9,17.4,0.0,0,12.5,29.5,0,GMT+1,Aïn Taoujdat,33.9333,-5.2167,Morocco,33055,33055
2026-09-24,35.6,19.7,0.0,0,17.3,33.1,2,GMT+1,Aïn Taoujdat,33.9333,-5.2167,Morocco,33055,33055
2026-09-25,32.7,18.9,0.0,3,18.4,34.2,3,GMT+1,Aïn Taoujdat,33.9333,-5.2167,Morocco,33055,33055
2026-09-19,31.8,17.2,0.0,0,17.2,31.0,3,GMT+1,Sidi Smai’il,32.8167,-8.5,Morocco,32694,32694
2026-09-20,33.3,19.7,0.0,0,14.8,28.4,2,GMT+1,Sidi Smai’il,32.8167,-8.5,Morocco,32694,32694
2026-09-21,35.9,20.1,0.0,0,14.7,25.9,45,GMT+1,Sidi Smai’il,32.8167,-8.5,Morocco,32694,32694
2026-09-22,33.5,18.2,0.0,0,15.0,28.8,45,GMT+1,Sidi Smai’il,32.8167,-8.5,Morocco,32694,32694
2026-09-23,32.6,19.3,0.0,0,13.9,27.4,45,GMT+1,Sidi Smai’il,32.8167,-8.5,Morocco,32694,32694
2026-09-24,30.8,18.2,0.0,3,15.5,28.8,45,GMT+1,Sidi Smai’il,32.8167,-8.5,Morocco,32694,32694
2026-09-25,27.2,19.6,0.0,3,16.0,29.2,3,GMT+1,Sidi Smai’il,32.8167,-8.5,Morocco,32694,32694
2026-09-19,30.3,18.2,0.0,0,15.6,26.3,0,GMT+1,Moulay Bousselham,34.8786,-6.2933,Morocco,32643,32643
2026-09-20,33.5,21.4,0.0,0,18.7,30.6,0,GMT+1,Moulay Bousselham,34.8786,-6.2933,Morocco,32643,32643
2026-09-21,30.6,20.5,0.0,0,17.7,29.2,0,GMT+1,Moulay Bousselham,34.8786,-6.2933,Morocco,32643,32643
2026-09-22,30.8,19.8,0.0,0,18.7,30.6,0,GMT+1,Moulay Bousselham,34.8786,-6.2933,Morocco,32643,32643
2026-09-23,31.6,17.5,0.0,0,19.9,30.6,0,GMT+1,Moulay Bousselham,34.8786,-6.2933,Morocco,32643,32643
2026-09-24,30.6,17.5,0.0,0,15.1,27.0,45,GMT+1,Moulay Bousselham,34.8786,-6.2933,Morocco,32643,32643
2026-09-25,26.6,19.4,0.0,0,14.1,25.6,45,GMT+1,Moulay Bousselham,34.8786,-6.2933,Morocco,32643,32643
2026-09-19,36.9,19.2,0.0,0,17.8,32.4,45,GMT+1,Mechraa Bel Ksiri,34.56,-5.95,Morocco,32615,32615
2026-09-20,37.8,24.7,0.0,0,22.6,40.0,0,GMT+1,Mechraa Bel Ksiri,34.56,-5.95,Morocco,32615,32615
2026-09-21,37.1,24.2,0.0,0,18.8,36.0,0,GMT+1,Mechraa Bel Ksiri,34.56,-5.95,Morocco,32615,32615
2026-09-22,36.7,23.5,0.0,0,18.4,34.6,0,GMT+1,Mechraa Bel Ksiri,34.56,-5.95,Morocco,32615,32615
2026-09-23,36.9,22.6,0.0,0,12.7,30.6,0,GMT+1,Mechraa Bel Ksiri,34.56,-5.95,Morocco,32615,32615
2026-09-24,35.2,17.6,0.0,0,16.0,31.0,45,GMT+1,Mechraa Bel Ksiri,34.56,-5.95,Morocco,32615,32615
2026-09-25,30.1,19.9,0.0,3,16.6,31.3,45,GMT+1,Mechraa Bel Ksiri,34.56,-5.95,Morocco,32615,32615
2026-09-19,36.7,21.5,0.0,0,20.5,45.4,1,GMT+1,Souk et Tnine Jorf el Mellah,34.4945,-5.5047,Morocco,31976,31976
2026-09-20,37.4,24.8,0.0,0,20.9,40.0,0,GMT+1,Souk et Tnine Jorf el Mellah,34.4945,-5.5047,Morocco,31976,31976
2026-09-21,36.5,24.6,0.0,0,17.8,34.6,1,GMT+1,Souk et Tnine Jorf el Mellah,34.4945,-5.5047,Morocco,31976,31976
2026-09-22,36.1,23.2,0.0,0,16.9,33.1,0,GMT+1,Souk et Tnine Jorf el Mellah,34.4945,-5.5047,Morocco,31976,31976
2026-09-23,36.7,21.8,0.0,0,10.8,21.2,0,GMT+1,Souk et Tnine Jorf el Mellah,34.4945,-5.5047,Morocco,31976,31976
2026-09-24,37.1,19.7,0.0,0,15.6,27.4,2,GMT+1,Souk et Tnine Jorf el Mellah,34.4945,-5.5047,Morocco,31976,31976
2026-09-25,33.1,19.5,0.0,3,16.4,32.4,45,GMT+1,Souk et Tnine Jorf el Mellah,34.4945,-5.5047,Morocco,31976,31976
2026-09-19,26.2,22.0,0.6,18,27.2,52.2,3,GMT+1,Zeghanghane,35.1575,-3.0017,Morocco,31431,31431
2026-09-20,26.8,22.4,0.6,28,26.5,51.5,3,GMT+1,Zeghanghane,35.1575,-3.0017,Morocco,31431,31431
2026-09-21,26.6,21.7,0.0,3,21.1,44.6,3,GMT+1,Zeghanghane,35.1575,-3.0017,Morocco,31431,31431
2026-09-22,26.7,18.1,0.0,0,21.1,41.8,2,GMT+1,Zeghanghane,35.1575,-3.0017,Morocco,31431,31431
2026-09-23,26.9,19.1,0.0,0,19.0,35.3,45,GMT+1,Zeghanghane,35.1575,-3.0017,Morocco,31431,31431
2026-09-24,29.1,18.5,0.0,0,17.6,32.4,45,GMT+1,Zeghanghane,35.1575,-3.0017,Morocco,31431,31431
2026-09-25,31.2,18.0,0.0,0,12.4,24.1,45,GMT+1,Zeghanghane,35.1575,-3.0017,Morocco,31431,31431
2026-09-19,37.4,20.3,0.0,3,28.0,49.3,3,GMT+1,Oulad Barhil,30.6408,-8.475,Morocco,30330,30330
2026-09-20,37.6,22.6,0.0,3,27.2,49.7,2,GMT+1,Oulad Barhil,30.6408,-8.475,Morocco,30330,30330
2026-09-21,38.0,21.7,0.0,0,32.1,51.8,3,GMT+1,Oulad Barhil,30.6408,-8.475,Morocco,30330,30330
2026-09-22,38.1,20.2,0.0,0,26.6,54.0,1,GMT+1,Oulad Barhil,30.6408,-8.475,Morocco,30330,30330
2026-09-23,38.2,19.2,0.0,5,23.0,56.9,0,GMT+1,Oulad Barhil,30.6408,-8.475,Morocco,30330,30330
2026-09-24,37.8,20.8,0.0,1,26.8,49.0,3,GMT+1,Oulad Barhil,30.6408,-8.475,Morocco,30330,30330
2026-09-25,35.6,20.2,0.0,0,21.6,40.0,3,GMT+1,Oulad Barhil,30.6408,-8.475,Morocco,30330,30330
2026-09-19,27.3,18.3,0.0,0,16.9,32.0,45,GMT+1,Bir Jdid,33.3737,-8.0002,Morocco,30247,30247
2026-09-20,31.0,19.7,0.0,0,15.5,28.1,45,GMT+1,Bir Jdid,33.3737,-8.0002,Morocco,30247,30247
2026-09-21,29.4,20.1,0.0,0,14.8,28.8,45,GMT+1,Bir Jdid,33.3737,-8.0002,Morocco,30247,30247
2026-09-22,29.1,18.6,0.0,0,15.1,28.1,45,GMT+1,Bir Jdid,33.3737,-8.0002,Morocco,30247,30247
2026-09-23,29.3,19.1,0.0,0,14.2,28.1,45,GMT+1,Bir Jdid,33.3737,-8.0002,Morocco,30247,30247
2026-09-24,28.6,17.4,0.0,0,14.7,28.4,45,GMT+1,Bir Jdid,33.3737,-8.0002,Morocco,30247,30247
2026-09-25,25.6,19.2,0.0,0,14.5,28.4,45,GMT+1,Bir Jdid,33.3737,-8.0002,Morocco,30247,30247
2026-09-19,26.6,18.6,0.8,75,16.6,27.7,80,GMT+1,Bou Arfa,32.531,-1.9631,Morocco,30068,30068
2026-09-20,26.7,16.2,1.5,28,29.2,50.4,95,GMT+1,Bou Arfa,32.531,-1.9631,Morocco,30068,30068
2026-09-21,26.3,15.6,0.0,0,17.6,33.8,3,GMT+1,Bou Arfa,32.531,-1.9631,Morocco,30068,30068
2026-09-22,25.7,15.2,0.0,0,17.7,24.1,3,GMT+1,Bou Arfa,32.531,-1.9631,Morocco,30068,30068
2026-09-23,27.0,15.3,0.0,0,14.8,18.7,2,GMT+1,Bou Arfa,32.531,-1.9631,Morocco,30068,30068
2026-09-24,29.0,14.6,0.0,0,8.6,14.0,2,GMT+1,Bou Arfa,32.531,-1.9631,Morocco,30068,30068
2026-09-25,29.4,16.5,0.0,3,14.2,22.7,3,GMT+1,Bou Arfa,32.531,-1.9631,Morocco,30068,30068
2026-09-19,32.2,18.5,0.1,18,15.5,50.8,3,GMT+1,Tahannawt,31.3514,-7.9508,Morocco,29562,29562
2026-09-20,32.7,21.5,0.0,25,16.1,36.0,3,GMT+1,Tahannawt,31.3514,-7.9508,Morocco,29562,29562
2026-09-21,33.2,21.5,0.0,3,17.2,36.0,3,GMT+1,Tahannawt,31.3514,-7.9508,Morocco,29562,29562
2026-09-22,33.1,20.9,0.0,1,18.2,29.5,0,GMT+1,Tahannawt,31.3514,-7.9508,Morocco,29562,29562
2026-09-23,32.9,18.6,0.0,0,16.1,28.1,0,GMT+1,Tahannawt,31.3514,-7.9508,Morocco,29562,29562
2026-09-24,33.8,19.1,0.0,3,16.2,28.8,1,GMT+1,Tahannawt,31.3514,-7.9508,Morocco,29562,29562
2026-09-25,31.3,18.6,0.3,9,17.8,29.9,3,GMT+1,Tahannawt,31.3514,-7.9508,Morocco,29562,29562
2026-09-19,30.4,20.6,13.4,53,22.4,42.8,95,GMT+1,Arfoud,31.4361,-4.2328,Morocco,28912,28912
2026-09-20,31.1,20.3,0.4,10,15.0,26.3,3,GMT+1,Arfoud,31.4361,-4.2328,Morocco,28912,28912
2026-09-21,33.9,21.1,0.1,13,13.9,37.1,3,GMT+1,Arfoud,31.4361,-4.2328,Morocco,28912,28912
2026-09-22,31.5,20.3,0.0,6,15.1,17.3,3,GMT+1,Arfoud,31.4361,-4.2328,Morocco,28912,28912
2026-09-23,31.7,19.1,0.0,3,12.4,13.0,1,GMT+1,Arfoud,31.4361,-4.2328,Morocco,28912,28912
2026-09-24,32.1,20.8,0.0,0,6.3,9.4,2,GMT+1,Arfoud,31.4361,-4.2328,Morocco,28912,28912
2026-09-25,32.1,21.1,0.3,3,12.3,22.0,3,GMT+1,Arfoud,31.4361,-4.2328,Morocco,28912,28912
2026-09-19,32.7,20.2,0.1,15,23.2,45.4,80,GMT+1,Tahla,34.05,-4.42,Morocco,28612,28612
2026-09-20,33.1,20.9,0.0,0,21.2,40.0,2,GMT+1,Tahla,34.05,-4.42,Morocco,28612,28612
2026-09-21,32.3,20.2,0.0,0,17.7,35.6,1,GMT+1,Tahla,34.05,-4.42,Morocco,28612,28612
2026-09-22,31.5,17.8,0.0,0,15.3,24.8,1,GMT+1,Tahla,34.05,-4.42,Morocco,28612,28612
2026-09-23,33.7,17.9,0.0,0,12.3,23.4,0,GMT+1,Tahla,34.05,-4.42,Morocco,28612,28612
2026-09-24,35.0,19.5,0.0,0,13.0,25.9,1,GMT+1,Tahla,34.05,-4.42,Morocco,28612,28612
2026-09-25,33.4,19.1,0.0,0,17.5,33.5,3,GMT+1,Tahla,34.05,-4.42,Morocco,28612,28612
2026-09-19,30.1,17.7,3.0,53,26.3,47.9,80,GMT+1,Missour,33.05,-3.9908,Morocco,28408,28408
2026-09-20,30.1,16.5,0.0,15,27.3,38.9,2,GMT+1,Missour,33.05,-3.9908,Morocco,28408,28408
2026-09-21,28.6,18.3,0.0,0,28.5,45.0,45,GMT+1,Missour,33.05,-3.9908,Morocco,28408,28408
2026-09-22,28.7,14.5,0.0,0,21.9,38.2,1,GMT+1,Missour,33.05,-3.9908,Morocco,28408,28408
2026-09-23,30.7,15.1,0.0,0,14.5,35.3,1,GMT+1,Missour,33.05,-3.9908,Morocco,28408,28408
2026-09-24,33.2,16.3,0.0,0,9.4,15.1,2,GMT+1,Missour,33.05,-3.9908,Morocco,28408,28408
2026-09-25,33.2,17.1,0.0,0,14.8,22.3,3,GMT+1,Missour,33.05,-3.9908,Morocco,28408,28408
2026-09-19,33.9,19.4,0.0,0,16.1,26.3,2,GMT+1,Sidi Lmokhtar,31.57,-9.01,Morocco,27083,27083
2026-09-20,33.9,22.6,0.0,0,18.2,28.8,2,GMT+1,Sidi Lmokhtar,31.57,-9.01,Morocco,27083,27083
2026-09-21,37.0,22.1,0.0,0,19.1,30.2,3,GMT+1,Sidi Lmokhtar,31.57,-9.01,Morocco,27083,27083
2026-09-22,37.3,19.7,0.0,0,19.2,35.6,0,GMT+1,Sidi Lmokhtar,31.57,-9.01,Morocco,27083,27083
2026-09-23,36.6,17.4,0.0,0,16.5,33.5,1,GMT+1,Sidi Lmokhtar,31.57,-9.01,Morocco,27083,27083
2026-09-24,35.4,19.2,0.0,0,23.0,38.2,3,GMT+1,Sidi Lmokhtar,31.57,-9.01,Morocco,27083,27083
2026-09-25,29.8,19.2,0.0,0,21.6,38.2,3,GMT+1,Sidi Lmokhtar,31.57,-9.01,Morocco,27083,27083
2026-09-19,34.5,18.8,0.0,0,12.9,26.3,2,GMT+1,Douar Toulal,33.8951,-5.6021,Morocco,26970,13852
2026-09-20,35.9,21.0,0.0,0,13.1,28.8,1,GMT+1,Douar Toulal,33.8951,-5.6021,Morocco,26970,13852
2026-09-21,35.3,20.3,0.0,0,13.7,30.6,0,GMT+1,Douar Toulal,33.8951,-5.6021,Morocco,26970,13852
2026-09-22,33.8,19.8,0.0,0,12.9,34.2,0,GMT+1,Douar Toulal,33.8951,-5.6021,Morocco,26970,13852
2026-09-23,34.3,17.6,0.0,0,14.7,28.8,0,GMT+1,Douar Toulal,33.8951,-5.6021,Morocco,26970,13852
2026-09-24,35.2,19.6,0.0,0,16.8,33.1,1,GMT+1,Douar Toulal,33.8951,-5.6021,Morocco,26970,13852
2026-09-25,31.7,18.6,0.0,3,19.7,37.4,3,GMT+1,Douar Toulal,33.8951,-5.6021,Morocco,26970,13852
2026-09-19,36.8,21.4,0.0,3,14.8,25.9,3,GMT+1,Oulad Yaïch,32.4167,-6.3333,Morocco,25785,25785
2026-09-20,38.3,23.7,0.0,3,15.3,30.6,3,GMT+1,Oulad Yaïch,32.4167,-6.3333,Morocco,25785,25785
2026-09-21,36.9,22.8,0.0,0,14.1,23.4,3,GMT+1,Oulad Yaïch,32.4167,-6.3333,Morocco,25785,25785
2026-09-22,36.5,22.9,0.0,0,11.0,18.4,2,GMT+1,Oulad Yaïch,32.4167,-6.3333,Morocco,25785,25785
2026-09-23,36.8,21.6,0.0,0,10.0,20.2,0,GMT+1,Oulad Yaïch,32.4167,-6.3333,Morocco,25785,25785
2026-09-24,36.1,26.3,0.0,3,17.4,32.8,1,GMT+1,Oulad Yaïch,32.4167,-6.3333,Morocco,25785,25785
2026-09-25,33.7,24.1,0.0,4,10.8,25.2,3,GMT+1,Oulad Yaïch,32.4167,-6.3333,Morocco,25785,25785
2026-09-19,34.7,18.9,0.0,0,16.3,22.3,2,GMT+1,Zawyat ech Cheïkh,32.6541,-5.9214,Morocco,25088,25088
2026-09-20,35.8,19.4,0.0,0,14.8,23.0,2,GMT+1,Zawyat ech Cheïkh,32.6541,-5.9214,Morocco,25088,25088
2026-09-21,34.7,18.8,0.0,3,20.0,29.5,2,GMT+1,Zawyat ech Cheïkh,32.6541,-5.9214,Morocco,25088,25088
2026-09-22,33.9,17.8,0.0,1,13.8,25.6,2,GMT+1,Zawyat ech Cheïkh,32.6541,-5.9214,Morocco,25088,25088
2026-09-23,34.2,16.6,0.0,0,12.1,22.7,0,GMT+1,Zawyat ech Cheïkh,32.6541,-5.9214,Morocco,25088,25088
2026-09-24,34.8,19.8,0.0,3,15.9,29.2,1,GMT+1,Zawyat ech Cheïkh,32.6541,-5.9214,Morocco,25088,25088
2026-09-25,32.7,19.3,0.0,3,12.9,24.5,3,GMT+1,Zawyat ech Cheïkh,32.6541,-5.9214,Morocco,25088,25088
2026-09-19,31.2,19.9,0.0,8,17.7,32.4,3,GMT+1,Imi-n-Tanout,31.177,-8.8504,Morocco,25049,25049
2026-09-20,31.3,23.2,0.5,38,16.6,33.1,80,GMT+1,Imi-n-Tanout,31.177,-8.8504,Morocco,25049,25049
2026-09-21,34.2,23.4,0.0,3,23.9,42.1,3,GMT+1,Imi-n-Tanout,31.177,-8.8504,Morocco,25049,25049
2026-09-22,33.8,23.4,0.0,0,19.8,37.1,1,GMT+1,Imi-n-Tanout,31.177,-8.8504,Morocco,25049,25049
2026-09-23,33.7,22.5,0.0,5,19.9,35.3,1,GMT+1,Imi-n-Tanout,31.177,-8.8504,Morocco,25049,25049
2026-09-24,34.0,22.6,0.0,1,20.6,36.0,3,GMT+1,Imi-n-Tanout,31.177,-8.8504,Morocco,25049,25049
2026-09-25,31.2,19.8,0.0,3,16.3,33.1,3,GMT+1,Imi-n-Tanout,31.177,-8.8504,Morocco,25049,25049
2026-09-19,32.9,18.6,0.0,0,14.2,28.4,2,GMT+1,Sebt Gzoula,32.1219,-9.0889,Morocco,24600,24600
2026-09-20,30.0,21.0,0.0,0,15.2,29.2,2,GMT+1,Sebt Gzoula,32.1219,-9.0889,Morocco,24600,24600
2026-09-21,34.3,21.0,0.0,0,12.2,24.8,3,GMT+1,Sebt Gzoula,32.1219,-9.0889,Morocco,24600,24600
2026-09-22,33.6,19.7,0.0,0,16.3,33.5,1,GMT+1,Sebt Gzoula,32.1219,-9.0889,Morocco,24600,24600
2026-09-23,31.8,16.9,0.0,0,12.1,27.7,0,GMT+1,Sebt Gzoula,32.1219,-9.0889,Morocco,24600,24600
2026-09-24,27.4,18.3,0.0,0,12.7,25.9,3,GMT+1,Sebt Gzoula,32.1219,-9.0889,Morocco,24600,24600
2026-09-25,26.7,19.0,0.0,3,15.6,31.0,3,GMT+1,Sebt Gzoula,32.1219,-9.0889,Morocco,24600,24600
2026-09-19,31.4,16.7,0.0,0,25.2,39.2,3,GMT+1,Tifariti,26.158,-10.567,Morocco,3000,3000
2026-09-20,37.5,19.5,0.0,0,13.0,25.9,0,GMT+1,Tifariti,26.158,-10.567,Morocco,3000,3000
2026-09-21,38.8,25.0,0.0,2,24.1,40.0,3,GMT+1,Tifariti,26.158,-10.567,Morocco,3000,3000
2026-09-22,39.0,24.5,0.0,0,20.8,36.0,3,GMT+1,Tifariti,26.158,-10.567,Morocco,3000,3000
2026-09-23,38.6,25.8,0.0,0,19.6,36.0,3,GMT+1,Tifariti,26.158,-10.567,Morocco,3000,3000
2026-09-24,39.0,26.6,0.0,0,20.7,37.8,3,GMT+1,Tifariti,26.158,-10.567,Morocco,3000,3000
2026-09-25,37.5,26.7,0.0,2,20.1,34.6,3,GMT+1,Tifariti,26.158,-10.567,Morocco,3000,3000
